"Case Number","DLC","Legal Last Name","Legal First Name","Missing Age","City","County","State","Biological Sex","Race / Ethnicity","Date Modified"
"MP163014",09/02/2026,"Gamboa-Chipo","Satina","17 Years","Queen Creek","Maricopa","AZ","Female","American Indian / Alaska Native",09/23/2026
"MP162692",08/08/2026,"Tipton","Andrew","40 Years","Tulsa","Tulsa","OK","Male","American Indian / Alaska Native, White / Caucasian",09/14/2026
"MP162849",07/28/2026,"Peters","Alphonsus","69 Years","Nulato","Yukon–Koyukuk","AK","Male","American Indian / Alaska Native",09/16/2026
"MP163103",07/25/2026,"Sun","Sean","27 Years","Anchorage","Anchorage","AK","Male","American Indian / Alaska Native",09/24/2026
"MP161855",07/13/2026,"Garrison","Brittney","40 Years","Tulsa","Tulsa","OK","Female","American Indian / Alaska Native",09/02/2026
"MP162870",07/03/2026,"Dau-Adrian","Anthony","45 Years","Anchorage","Anchorage","AK","Male","American Indian / Alaska Native",09/17/2026
"MP163101",07/03/2026,"Andrews","Scott","54 Years","Anchorage","Anchorage","AK","Male","American Indian / Alaska Native",09/24/2026
"MP162216",06/24/2026,"Guidry","Eleanor","35 Years","Anchorage","Anchorage","AK","Female","American Indian / Alaska Native",08/27/2026
"MP161856",06/16/2026,"Sandifer","Hilary","36 Years","Tulsa","Tulsa","OK","Female","American Indian / Alaska Native",09/02/2026
"MP161697",06/16/2026,"Moya","Zane","15 Years","Norman","Cleveland","OK","Male","American Indian / Alaska Native",08/21/2026
"MP158634",05/14/2026,"Kerlegrand","Adrianna","17 Years","Winter Haven","Polk","FL","Female","Black / African American, American Indian / Alaska Native",05/15/2026
"MP160346",05/02/2026,"Topkok","Elizabeth","16 Years","Anchorage","Anchorage","AK","Female","American Indian / Alaska Native",07/10/2026
"MP157984",04/15/2026,"Beach","Christopher","47 Years","Homosassa","Citrus","FL","Male","White / Caucasian, American Indian / Alaska Native",04/24/2026
"MP158186",03/27/2026,"Millett","Lillian","15 Years","Klamath Falls","Klamath","OR","Female","White / Caucasian, American Indian / Alaska Native",05/01/2026
"MP158747",03/11/2026,"Cortez","Rico","21 Years","Clifton","Greenlee","AZ","Male","American Indian / Alaska Native",06/15/2026
"MP156072",02/27/2026,"Truster","Isiah","17 Years","Grove","Delaware","OK","Male","American Indian / Alaska Native",06/17/2026
"MP156745",02/04/2026,"Gregory","Alfreda","25 Years","Anchorage","Anchorage","AK","Female","American Indian / Alaska Native",05/19/2026
"MP156704",01/26/2026,"Kruger","Candace","37 Years","Anchorage","Anchorage","AK","Female","American Indian / Alaska Native",05/19/2026
"MP156867",01/16/2026,"Dial","Jada","17 Years","Fayetteville","Cumberland","NC","Male","American Indian / Alaska Native",03/25/2026
"MP156466",01/15/2026,"Tuluk","Jon","24 Years","Anchorage","Anchorage","AK","Male","American Indian / Alaska Native",05/19/2026
"MP156779",01/12/2026,"Gonzalez","Kyla","17 Years","Lubbock","Lubbock","TX","Female","American Indian / Alaska Native",03/27/2026
"MP154878",01/12/2026,"Evan","Andrew","15 Years","Russian Mission","Kusilvak","AK","Male","American Indian / Alaska Native",05/19/2026
"MP156029",01/06/2026,"Francisco Jr.","Dana","40 Years","San Pedro Village","Pima","AZ","Male","American Indian / Alaska Native",03/09/2026
"MP159622",12/23/2025,"Bryant","Orville","21 Years","Gap","Coconino","AZ","Male","American Indian / Alaska Native",06/30/2026
"MP157425",12/17/2025,"Andrews","Elijah","19 Years","Mesa","Maricopa","AZ","Male","American Indian / Alaska Native",07/02/2026
"MP153149",11/15/2025,"Dodson","Jonathan","40 Years","Page","Coconino","AZ","Male","American Indian / Alaska Native",09/01/2026
"MP155833",11/05/2025,"Sekulits","Donovid","30 Years","Tulsa","Tulsa","OK","Male","American Indian / Alaska Native",06/05/2026
"MP153036",10/23/2025,"Lowery","Jasmine","16 Years","Godwin","Cumberland","NC","Female","American Indian / Alaska Native",12/29/2025
"MP151774",10/12/2025,"Pavil","Vernon","71 Years","Kwigillingok","Bethel","AK","Male","American Indian / Alaska Native",06/23/2026
"MP153677",10/11/2025,"Tretikoff","Norman","53 Years","Anchorage","Anchorage","AK","Male","American Indian / Alaska Native",12/29/2025
"MP155351",10/05/2025,"Jones","Wesley","71 Years","Pendleton","Umatilla","OR","Male","American Indian / Alaska Native",08/05/2026
"MP160123",10/01/2025,"Alkire","Robert","58 Years","Lander","Fremont","WY","Male","American Indian / Alaska Native",09/13/2026
"MP157316",09/22/2025,"Rodriguez","Enfinity","14 Years","Denver","Denver","CO","Female","Hispanic / Latino, American Indian / Alaska Native",04/17/2026
"MP158554",09/06/2025,"Bradley","Aaron","67 Years","Shonto","Coconino","AZ","Male","American Indian / Alaska Native",08/07/2026
"MP150076",09/03/2025,"Nelson","Jonathan","39 Years","Albuquerque","Bernalillo","NM","Male","American Indian / Alaska Native",09/29/2025
"MP153079",08/23/2025,"Salazar","Adrian","34 Years","Missouri City","Fort Bend","TX","Male","American Indian / Alaska Native",02/12/2026
"MP151133",08/03/2025,"Sours","Thomas","18 Years","Anchorage","Anchorage","AK","Male","American Indian / Alaska Native",11/16/2025
"MP160244",08/03/2025,"Lee","Derrick","38 Years","Upper Fruitland","San Juan","NM","Male","American Indian / Alaska Native",10/07/2026
"MP149028",08/02/2025,"Albert","Craig","42 Years","Tanana","Fairbanks North Star","AK","Male","American Indian / Alaska Native",12/22/2025
"MP150117",07/23/2025,"Santana","John","16 Years","Austin","Travis","TX","Male","American Indian / Alaska Native",09/22/2025
"MP150512",07/20/2025,"Jefferson","Kendrick","33 Years","Pelahatchie","Rankin","MS","Male","American Indian / Alaska Native",08/04/2026
"MP149572",07/06/2025,"Carter","Frank","44 Years","Anchorage","Anchorage","AK","Male","American Indian / Alaska Native",05/19/2026
"MP149024",06/22/2025,"Stepetin","Benjamin","41 Years","Juneau","Juneau","AK","Male","American Indian / Alaska Native",05/19/2026
"MP154392",05/23/2025,"Critzer","Eliana","23 Years","Santa Fe","Santa Fe","NM","Female","American Indian / Alaska Native",05/14/2026
"MP149751",05/11/2025,"Storbakken","David","41 Years","St Paul","Ramsey","MN","Male","American Indian / Alaska Native",04/15/2026
"MP160548",05/09/2025,"Pablo","Jessica","31 Years","Laveen","Maricopa","AZ","Female","American Indian / Alaska Native",07/15/2026
"MP142935",04/12/2025,"Gene","Roland","40 Years","Gallup","McKinley","NM","Male","American Indian / Alaska Native",08/28/2025
"MP162175",03/25/2025,"Standing Bear","Savannah","22 Years","Parmelee","Todd","SD","Female","American Indian / Alaska Native",08/31/2026
"MP143404",03/17/2025,"Beson","Melissa","37 Years","Lac du Flambeau","Vilas","WI","Female","American Indian / Alaska Native",08/12/2025
"MP144354",03/16/2025,"Bullhead","Renzo","20 Years","Mandan","Morton","ND","Male","American Indian / Alaska Native",05/27/2025
"MP139902",03/07/2025,"Santiago","Jasmine","16 Years","Callahan","Nassau","FL","Female","White / Caucasian, American Indian / Alaska Native",08/11/2025
"MP160154",03/01/2025,"White Dress","Delilah","63 Years","Pine Ridge","Oglala Lakota","SD","Female","American Indian / Alaska Native",07/22/2026
"MP159175",02/13/2025,"White, Jr.","Albert","26 Years","Chinle","Apache","AZ","Male","American Indian / Alaska Native",06/04/2026
"MP145513",02/01/2025,"Rice","James","70 Years","TISHOMINC","Johnston","OK","Male","American Indian / Alaska Native",07/01/2025
"MP141406",01/24/2025,"Baker","Justin","41 Years","Muldrow","Sequoyah","OK","Male","American Indian / Alaska Native",11/25/2025
"MP155641",01/21/2025,"James","Besalynn","62 Years","Lummi Nation","Whatcom","WA","Female","American Indian / Alaska Native",05/14/2026
"MP159185",12/31/2024,"Acosta","Kyles","26 Years","Sells","Pima","AZ","Male","American Indian / Alaska Native",06/08/2026
"MP147032",12/30/2024,"Karima","Wynter","29 Years","Bismarck","Burleigh","ND","Female","American Indian / Alaska Native",12/04/2025
"MP149636",12/26/2024,"Oldbull","Daniel","15 Years","Billings","Yellowstone","MT","Male","American Indian / Alaska Native",09/10/2025
"MP140548",12/09/2024,"Tome Jo","Trujillo","50 Years","Santa Fe","Santa Fe","NM","Male","American Indian / Alaska Native",09/16/2026
"MP144758",11/25/2024,"Largo","Julius","29 Years","Fruitland","San Juan","NM","Male","American Indian / Alaska Native",06/09/2025
"MP160543",11/22/2024,"Baptisto","Vincent","44 Years","Laveen Village","Maricopa","AZ","Male","American Indian / Alaska Native",07/15/2026
"MP158611",11/10/2024,"Kindness","Daile","53 Years","Spokane","Spokane","WA","Female","American Indian / Alaska Native",06/12/2026
"MP133841",11/08/2024,"Dickerson","Donaven","24 Years","Broken Arrow","Wagoner","OK","Male","White / Caucasian, American Indian / Alaska Native",05/21/2026
"MP138881",10/06/2024,"Birdinground","Sa'wade","13 Years","Garryowen","Big Horn","MT","Female","American Indian / Alaska Native",06/21/2025
"MP153051",10/01/2024,"Soqui","Marisia","33 Years","Phoenix","Maricopa","AZ","Female","American Indian / Alaska Native",07/27/2026
"MP148797",09/22/2024,"Tsatoke","Roy","26 Years","McKinleyville","Humboldt","CA","Male","American Indian / Alaska Native",04/07/2026
"MP157274",09/06/2024,"Barrera","Emmanuel","20 Years","Laveen","Maricopa","AZ","Male","American Indian / Alaska Native, Hispanic / Latino",08/25/2026
"MP140795",08/29/2024,"Jones","Stephen","27 Years","Los Angeles","Los Angeles","CA","Male","American Indian / Alaska Native",04/25/2025
"MP160404",08/22/2024,"Whitemagpie","Fernando","13 Years","Las Vegas","Clark","NV","Male","White / Caucasian, Hispanic / Latino, American Indian / Alaska Native",07/10/2026
"MP130024",08/19/2024,"Williams-Huff","Devon","26 Years","Fairbanks","Fairbanks North Star","AK","Male","American Indian / Alaska Native",05/19/2026
"MP131018",08/11/2024,"Kurip","John","37 Years","Midvale","Salt Lake","UT","Male","American Indian / Alaska Native",09/03/2025
"MP153066",07/26/2024,"Jones","Chelsea","33 Years","Fairmont","Robeson","NC","Female","American Indian / Alaska Native",01/12/2026
"MP129369",07/26/2024,"Bahe","Colton","35 Years","Gallup","McKinley","NM","Male","American Indian / Alaska Native",03/18/2025
"MP136131",07/01/2024,"Alcott","Blaine","41 Years","Kayenta","Navajo","AZ","Male","American Indian / Alaska Native",01/07/2025
"MP126342",07/01/2024,"Contreras","Sharon","26 Years","Carson City","Carson","NV","Female","Hispanic / Latino, American Indian / Alaska Native",03/28/2025
"MP141159",06/20/2024,"Simmons Jr","Donald","49 Years","Lebanon","Linn","OR","Male","American Indian / Alaska Native",09/30/2026
"MP124292",05/24/2024,"Banks","David","29 Years","Tulsa","Tulsa","OK","Male","Black / African American, American Indian / Alaska Native",01/12/2026
"MP135111",05/07/2024,"Yarlott","Robert","40 Years","Crow Agency","Big Horn","MT","Male","American Indian / Alaska Native",12/23/2024
"MP125124",05/06/2024,"Jones","Jeffrey","31 Years","Oklahoma City","Oklahoma","OK","Male","American Indian / Alaska Native",10/02/2026
"MP121803",04/06/2024,"Kalmakoff","Glenn","67 Years","Anchorage","Anchorage","AK","Male","American Indian / Alaska Native",05/19/2026
"MP158737",03/20/2024,"Whipple","Sylvia","84 Years","Tuba City","Coconino","AZ","Female","American Indian / Alaska Native",05/19/2026
"MP140934",03/15/2024,"MeLeod","Taylor","37 Years","Beaumont","Jefferson","TX","Male","American Indian / Alaska Native",03/27/2025
"MP136220",03/08/2024,"Martin","Peter","31 Years","Cloquet","St. Louis","MN","Male","American Indian / Alaska Native",06/12/2026
"MP124899",02/28/2024,"Johnson","Jessie","30 Years","Billings","Yellowstone","MT","Male","American Indian / Alaska Native, Black / African American",02/19/2025
"MP118931",02/14/2024,"Murguia-Martinez","Angel","24 Years","Ukiah","Mendocino","CA","Male","American Indian / Alaska Native",02/05/2025
"MP122409",02/08/2024,"Norman","Markin","28 Years","San Carlos","Gila","AZ","Male","American Indian / Alaska Native",04/09/2026
"MP120774",02/04/2024,"Bear","Rickisha","19 Years","Pablo","Lake","MT","Female","American Indian / Alaska Native",02/20/2025
"MP119402",01/27/2024,"Crow","Gabriel","27 Years","Asheville","Buncombe","NC","Male","American Indian / Alaska Native",04/08/2025
"MP117995",01/24/2024,"Hummel","Brandon","28 Years","Atoka","Atoka","OK","Male","American Indian / Alaska Native",07/17/2026
"MP114711",01/09/2024,"Borbridge","Darren","18 Years","Sitka","Sitka","AK","Male","American Indian / Alaska Native",05/23/2025
"MP116070",01/07/2024,"Valenzuela","Marcus","17 Years","Tucson","Pima","AZ","Male","American Indian / Alaska Native",02/27/2024
"MP126049",01/07/2024,"Posey","Jemini","21 Years","Fort Totten","Benson","ND","Female","American Indian / Alaska Native, White / Caucasian",09/16/2025
"MP158875",01/06/2024,"Haudley","Matthew","36 Years","Flatrock","Apache","AZ","Male","American Indian / Alaska Native",06/04/2026
"MP113570",12/13/2023,"Kowchee","Jedidiah","28 Years","Sitka","Sitka","AK","Male","American Indian / Alaska Native",06/29/2026
"MP112746",12/02/2023,"Erickson","Brian","40 Years","Healy Lake","Fairbanks North Star","AK","Male","American Indian / Alaska Native",05/19/2026
"MP111364",11/08/2023,"Walker","Alicia","42 Years","Lumberton","Robeson","NC","Female","American Indian / Alaska Native",03/18/2024
"MP110197",10/03/2023,"Coopchiak","Kelly","25 Years","Koliganek","Dillingham","AK","Female","American Indian / Alaska Native",10/09/2025
"MP109879",09/22/2023,"Beers","Lori","59 Years","Joplin","Jasper","MO","Female","American Indian / Alaska Native",10/22/2023
"MP109323",09/09/2023,"Burk","James","67 Years","Nenana","Yukon–Koyukuk","AK","Male","American Indian / Alaska Native",01/06/2026
"MP145307",09/03/2023,"Frazier","Bennett","42 Years","Shiprock","San Juan","NM","Male","American Indian / Alaska Native",05/09/2026
"MP155464",08/27/2023,"Ruiz","Aaliyah","15 Years","Scottsbluff","Scotts Bluff","NE","Female","American Indian / Alaska Native",03/06/2026
"MP138940",08/15/2023,"Wright","Angelo","63 Years","Henderson","Clark","NV","Male","American Indian / Alaska Native",07/08/2026
"MP159261",07/25/2023,"Narcho","Jacob","32 Years","Wadsworth","Washoe","NV","Male","American Indian / Alaska Native",06/05/2026
"MP116417",07/16/2023,"Desiderio","Latisha","33 Years","Crownpoint","McKinley","NM","Female","American Indian / Alaska Native",07/01/2026
"MP157389",07/09/2023,"Shanice","Ogata-Staudinger","29 Years","Pāhoa","Hawaii","HI","Female","Asian, Hawaiian / Pacific Islander, American Indian / Alaska Native",05/11/2026
"MP116127",07/07/2023,"Kerley","Kerry","55 Years","Cameron","Coconino","AZ","Male","American Indian / Alaska Native",06/05/2025
"MP107330",07/07/2023,"Keplin","Tyler","27 Years","Kettle Falls","Stevens","WA","Male","American Indian / Alaska Native",04/22/2026
"MP107717",06/30/2023,"Reano","Marlon","44 Years","Santa Fe","Santa Fe","NM","Male","American Indian / Alaska Native",07/31/2025
"MP111558",06/29/2023,"Welch","Robert","64 Years","Webbers Falls","Muskogee","OK","Male","American Indian / Alaska Native",02/27/2026
"MP104805",06/16/2023,"Wilson, Jr.","Timothy","70 Years","Kake","Prince of Wales – Hyder","AK","Male","American Indian / Alaska Native",12/22/2025
"MP127593",06/02/2023,"Pinto","Velma","40 Years","Farmington","San Juan","NM","Female","American Indian / Alaska Native",09/24/2026
"MP104817",05/15/2023,"Shields","Bertina","48 Years","Farmington","San Juan","NM","Female","American Indian / Alaska Native",09/24/2026
"MP116360",04/19/2023,"Crazymule","Willard","54 Years","Spokane","Spokane","WA","Male","American Indian / Alaska Native",03/02/2026
"MP116772",04/02/2023,"Moses","Nicholas","52 Years","Tukwila","King","WA","Male","American Indian / Alaska Native",02/22/2024
"MP105127",02/18/2023,"Carson","Chance","29 Years","Omak","Okanogan","WA","Male","American Indian / Alaska Native",06/10/2026
"MP142881",02/16/2023,"Goldtooth","Terrell","37 Years","Teec Nos Pos","Navajo","AZ","Male","American Indian / Alaska Native",09/24/2026
"MP140338",02/14/2023,"Dawes","Travis","34 Years","Gallup","McKinley","NM","Male","American Indian / Alaska Native",03/19/2025
"MP106680",01/26/2023,"Ooka","Thomas","19 Years","Seward","Kenai Peninsula","AK","Male","American Indian / Alaska Native",09/11/2024
"MP110708",01/06/2023,"Saltwater Jr.","Jarvis","31 Years","Kayenta","Navajo","AZ","Male","American Indian / Alaska Native",10/27/2023
"MP127352",01/01/2023,"Roanhorse, Jr","Fitzpatrick","23 Years","Phoenix","Maricopa","AZ","Male","American Indian / Alaska Native",03/03/2025
"MP102897",12/26/2022,"Brackney","Andrew","29 Years","Cove","Apache","AZ","Male","American Indian / Alaska Native",06/16/2026
"MP116312",12/25/2022,"King","Orlando","42 Years","Torreon","Sandoval","NM","Male","American Indian / Alaska Native",09/23/2026
"MP98142",10/31/2022,"Hardy-Bear","Anthony","29 Years","Tulsa","Tulsa","OK","Male","American Indian / Alaska Native",07/21/2026
"MP111194",10/11/2022,"Kilgore","Kevin","44 Years","Okeechobee","Okeechobee","FL","Male","American Indian / Alaska Native, White / Caucasian",07/11/2024
"MP95749",09/15/2022,"Kaningok","Jason","46 Years","Gambell","Nome","AK","Male","American Indian / Alaska Native",12/31/2025
"MP153979",09/06/2022,"Woodman","Timothy","61 Years","Wright City","McCurtain","OK","Male","American Indian / Alaska Native",06/06/2026
"MP102115",09/03/2022,"Hunnicutt","Donald","56 Years","Kentwood","Kent","MI","Male","Black / African American, American Indian / Alaska Native",02/24/2026
"MP96302",09/01/2022,"Gutierrez","Tony","37 Years","Laveen","Maricopa","AZ","Male","American Indian / Alaska Native",05/15/2026
"MP99361",09/01/2022,"Walker","Leland","39 Years","Zuni","McKinley","NM","Male","American Indian / Alaska Native",03/18/2024
"MP100643",09/01/2022,"Tso","Leonard","73 Years","Gallup","McKinley","NM","Male","American Indian / Alaska Native",02/17/2026
"MP95771",08/30/2022,"Flynn","Carl","27 Years","Bethel","Bethel","AK","Male","American Indian / Alaska Native",05/19/2026
"MP103623",08/10/2022,"Bruner","Gerald","42 Years","Oklahoma City","Oklahoma","OK","Male","Black / African American, American Indian / Alaska Native",10/02/2026
"MP94968",07/27/2022,"White","Casey","64 Years","Fallon","Churchill","NV","Male","American Indian / Alaska Native",09/04/2024
"MP102486",07/21/2022,"Stramp","William","36 Years","Laguna Park","Bosque","TX","Male","American Indian / Alaska Native",01/12/2024
"MP93631",07/17/2022,"Davis","Jeremy","27 Years","Iliamna","Lake and Peninsula","AK","Male","American Indian / Alaska Native",12/29/2025
"MP111166",07/15/2022,"SIMON","DANIEL","17 Years","Baxter","Putnam","TN","Male","American Indian / Alaska Native",11/07/2023
"MP101147",07/08/2022,"Rookok","Roseanna","25 Years","Anchorage","Anchorage","AK","Female","American Indian / Alaska Native",05/19/2026
"MP94568",07/05/2022,"Battelo","Kendra","24 Years","Enid","Garfield","OK","Female","Black / African American, American Indian / Alaska Native, Hispanic / Latino",07/27/2026
"MP122816",07/01/2022,"Arthur","Benjamin","50 Years","Warm Springs","Jefferson","OR","Male","American Indian / Alaska Native",09/03/2024
"MP93356",06/17/2022,"Cully","Daniel","33 Years","Holdenville","Hughes","OK","Male","American Indian / Alaska Native",02/12/2026
"MP94215",06/14/2022,"Coulter","Robert","49 Years","Oklahoma City","Oklahoma","OK","Male","Black / African American, American Indian / Alaska Native",10/02/2026
"MP96181",06/11/2022,"Tom","Ryan","32 Years","Red Mesa","Apache","AZ","Male","American Indian / Alaska Native",06/16/2026
"MP92107",05/15/2022,"Cox","Cara","41 Years","Seminole","Seminole","OK","Female","White / Caucasian, American Indian / Alaska Native",02/12/2026
"MP96963",05/13/2022,"Jones","Odessa","39 Years","Seattle","King","WA","Female","American Indian / Alaska Native",02/12/2024
"MP94064",05/04/2022,"Sacuj Cumez","Oscar","19 Years","Laredo","Webb","TX","Male","Hispanic / Latino, American Indian / Alaska Native",06/04/2025
"MP96208",04/15/2022,"Mora","Esmerelda","16 Years","Omak","Okanogan","WA","Female","Hispanic / Latino, American Indian / Alaska Native",02/21/2025
"MP111521",03/31/2022,"Lee","Carleton","35 Years","Hunters Point","Apache","AZ","Male","American Indian / Alaska Native",07/04/2024
"MP90377",03/22/2022,"Kootswatewa","Keisha","32 Years","Tees Toh","Navajo","AZ","Female","American Indian / Alaska Native",11/21/2025
"MP90068",03/16/2022,"Selam","Lewis","71 Years","Warm Springs","Jefferson","OR","Male","American Indian / Alaska Native",11/03/2023
"MP94342",03/09/2022,"Bayya","Manuel","47 Years","Elmira","Lane","OR","Male","American Indian / Alaska Native",02/12/2026
"MP90522",02/27/2022,"Gomez","Francis","65 Years","Oklahoma City","Oklahoma","OK","Male","American Indian / Alaska Native",10/02/2026
"MP140356",02/20/2022,"Houghton","Stephen","33 Years","North Hudson","Clinton","NY","Male","Other, White / Caucasian, American Indian / Alaska Native",12/02/2025
"MP93991",02/11/2022,"Dickenson","Justin","36 Years","Bowler","Shawano","WI","Male","American Indian / Alaska Native",03/18/2024
"MP108642",02/09/2022,"Nez","Branden","32 Years","Phoenix","Maricopa","AZ","Male","American Indian / Alaska Native",01/02/2025
"MP89245",01/24/2022,"Dennis","Lance","54 Years","Beshbito","Apache","AZ","Male","American Indian / Alaska Native",06/16/2026
"MP89171",01/05/2022,"Yazzie","Remus","29 Years","Farmington","San Juan","NM","Male","American Indian / Alaska Native",09/24/2026
"MP87811",12/21/2021,"Lazaro Avila","Maria","14 Years","Phoenix","Maricopa","AZ","Female","American Indian / Alaska Native",07/28/2022
"MP88411",12/12/2021,"Begay","Ruben","35 Years","Jeddito","Navajo","AZ","Male","American Indian / Alaska Native",06/16/2026
"MP96895",12/01/2021,"Brown","Caleb","20 Years","Wagram","Scotland","NC","Male","American Indian / Alaska Native",06/22/2023
"MP89583",11/24/2021,"Zazueta","Zachary","28 Years","Shelton","Mason","WA","Male","White / Caucasian, Hispanic / Latino, American Indian / Alaska Native",09/10/2025
"MP143291",11/14/2021,"Golia","Peter","36 Years","Dillingham","Dillingham","AK","Male","American Indian / Alaska Native",05/27/2026
"MP140486",11/10/2021,"Benally","Marie","54 Years","Chilchinbito","Apache","AZ","Female","American Indian / Alaska Native",05/01/2025
"MP86946",10/24/2021,"Davis, III","John","48 Years","Covelo","Mendocino","CA","Male","White / Caucasian, American Indian / Alaska Native",03/18/2024
"MP88394",10/22/2021,"Kingbird","Nevaeh","15 Years","Bemidji","Beltrami","MN","Female","American Indian / Alaska Native",03/12/2025
"MP85713",10/16/2021,"Risling","Emmilee","32 Years","Weitchpec","Humboldt","CA","Female","American Indian / Alaska Native",01/28/2026
"MP116315",10/10/2021,"Cornfield","Daniel","45 Years","Navajo","McKinley","NM","Male","American Indian / Alaska Native",03/03/2025
"MP108193",10/10/2021,"Sharpe","Eugene","76 Years","Happy Camp","Siskiyou","CA","Male","American Indian / Alaska Native",02/25/2026
"MP85363",10/06/2021,"Ricks","Joe","35 Years","Oakland","Alameda","CA","Male","White / Caucasian, American Indian / Alaska Native",03/18/2024
"MP97766",09/17/2021,"Manuelito","Candace","31 Years","Holbrook","Navajo","AZ","Female","American Indian / Alaska Native, Hispanic / Latino",01/12/2023
"MP85219",09/15/2021,"MARTIN","JOSHUA","17 Years","Norman","Cleveland","OK","Male","American Indian / Alaska Native",03/23/2025
"MP153014",08/22/2021,"Alaboodi","Shaker","66 Years","Houston","Harris","TX","Male","Asian, American Indian / Alaska Native, Other, White / Caucasian",12/22/2025
"MP94656",08/21/2021,"Daniels","James","42 Years","Wickenburg","Maricopa","AZ","Male","White / Caucasian, Black / African American, American Indian / Alaska Native",10/01/2026
"MP151453",08/20/2021,"Rose","Violet","31 Years","Phoenix","Maricopa","AZ","Female","American Indian / Alaska Native",09/24/2026
"MP84739",08/16/2021,"Charley Sr.","Roger","61 Years","Chilchinbito","Navajo","AZ","Male","American Indian / Alaska Native",08/12/2025
"MP84744",07/11/2021,"Wright","Walter","35 Years","Trinidad","Humboldt","CA","Male","American Indian / Alaska Native",07/21/2026
"MP81377",06/15/2021,"Begay","Ella","62 Years","Sweetwater","Apache","AZ","Female","American Indian / Alaska Native",09/04/2025
"MP86748",06/15/2021,"Bennett","Ranelle","33 Years","Waterflow","San Juan","NM","Female","American Indian / Alaska Native",07/22/2026
"MP82734",06/10/2021,"Bullis","Joseph","37 Years","Peridot","Gila","AZ","Male","American Indian / Alaska Native",01/28/2026
"MP83238",05/03/2021,"Brown Bull Jr.","Verdell","51 Years","Rapid City","Pennington","SD","Male","American Indian / Alaska Native",10/12/2023
"MP80817",05/03/2021,"Fast Eagle","Susan","30 Years","Rapid City","Pennington","SD","Female","American Indian / Alaska Native",10/12/2023
"MP80482",05/01/2021,"TERRELL","KRYSTAL","31 Years","Grant","Choctaw","OK","Female","American Indian / Alaska Native",01/22/2026
"MP81200",04/27/2021,"Wagner","Leo","26 Years","Babb","Glacier","MT","Male","American Indian / Alaska Native",01/17/2024
"MP82195",04/22/2021,"Pepion","Arden","3 Years","Browning","Glacier","MT","Female","American Indian / Alaska Native",01/17/2024
"MP89802",04/21/2021,"Garcia","Emerald","7 Years","Portland","San Patricio","TX","Female","Hispanic / Latino, American Indian / Alaska Native",03/18/2024
"MP104986",04/21/2021,"Castro","Logan","35 Years","Seattle","King","WA","Male","American Indian / Alaska Native",04/08/2026
"MP116175",03/29/2021,"Nez","Singletary","25 Years","Tuba City","Coconino","AZ","Male","Other, American Indian / Alaska Native",02/09/2024
"MP79531",03/20/2021,"Lertjuntharangool","Kim","34 Years","Denver","Denver","CO","Female","American Indian / Alaska Native",03/28/2024
"MP79385",03/12/2021,"Garcia","Rosemary","58 Years","Los Banos","Merced","CA","Female","Hispanic / Latino, American Indian / Alaska Native",03/18/2024
"MP78707",03/07/2021,"Slats","Dennis","35 Years","Chevak","Kusilvak","AK","Male","American Indian / Alaska Native",09/10/2025
"MP78708",03/07/2021,"Tikiun","James","22 Years","Chevak","Kusilvak","AK","Male","American Indian / Alaska Native",09/10/2025
"MP156150",03/05/2021,"Thorpe","Robert","62 Years","Arcata","Humboldt","CA","Male","American Indian / Alaska Native",03/15/2026
"MP78580",03/02/2021,"Teuber, Jr.","Andrew","52 Years","Barren Islands","Kodiak Island","AK","Male","American Indian / Alaska Native",05/19/2026
"MP78579",02/24/2021,"Richards","Janice","16 Years","Barrow","North Slope","AK","Female","American Indian / Alaska Native",05/19/2026
"MP107434",02/20/2021,"St. John","Christopher","51 Years","Las Animas","Bent","CO","Male","American Indian / Alaska Native",03/18/2024
"MP130232",01/30/2021,"Nez","Leander","41 Years","Sawmill","Apache","AZ","Male","American Indian / Alaska Native",09/25/2024
"MP77941",01/28/2021,"Shorty","Philbert","44 Years","Fort Defiance","Apache","AZ","Male","American Indian / Alaska Native",07/10/2026
"MP95143",01/26/2021,"Prettybird","Biridiana","25 Years","El Centro","Imperial","CA","Female","American Indian / Alaska Native",09/06/2024
"MP103391",01/16/2021,"Ashley","Peter","69 Years","Querino","Apache","AZ","Male","American Indian / Alaska Native",03/19/2025
"MP120631",01/11/2021,"Blok","Jesi","18 Years","Lynden","Whatcom","WA","Female","American Indian / Alaska Native",04/10/2026
"MP77335",01/01/2021,"Sallaffie","Peter","25 Years","Tuluksak","Bethel","AK","Male","American Indian / Alaska Native",05/19/2026
"MP141757",01/01/2021,"Hayward","Christopher","51 Years","Anchorage","Anchorage","AK","Male","American Indian / Alaska Native",05/19/2026
"MP77387",12/31/2020,"Brown","Rupert","42 Years","Riverton","Fremont","WY","Male","American Indian / Alaska Native",04/27/2023
"MP98717",12/27/2020,"Meither","Jevanni","9 Years","Warm Springs","Jefferson","OR","Male","American Indian / Alaska Native",08/05/2024
"MP118632",12/16/2020,"Centeio","Michael","52 Years","El Paso","El Paso","TX","Male","Black / African American, American Indian / Alaska Native",05/19/2026
"MP76879",11/24/2020,"Johnson","Mary","39 Years","Tulalip","Snohomish","WA","Female","American Indian / Alaska Native",11/21/2025
"MP75666",11/10/2020,"Derendoff","Willis","34 Years","Fairbanks","Fairbanks North Star","AK","Male","American Indian / Alaska Native",05/19/2026
"MP111772",11/07/2020,"Burt","Melissa","52 Years","Alexandria","Douglas","MN","Female","American Indian / Alaska Native",03/24/2025
"MP75686",10/20/2020,"Nose","Alexie","36 Years","Quinhagak","Bethel","AK","Male","American Indian / Alaska Native",05/19/2026
"MP75687",10/20/2020,"Sharp","Michael","33 Years","Quinhagak","Bethel","AK","Male","American Indian / Alaska Native",05/19/2026
"MP75688",10/20/2020,"Waska","Bernice","44 Years","Quinhagak","Bethel","AK","Female","American Indian / Alaska Native",05/19/2026
"MP75690",10/20/2020,"Wassillie","Elizabeth","37 Years","Quinhagak","Bethel","AK","Female","American Indian / Alaska Native",05/19/2026
"MP75691",10/20/2020,"Wassillie","Wilson","34 Years","Quinhagak","Bethel","AK","Male","American Indian / Alaska Native",05/19/2026
"MP75683",10/20/2020,"Chadwick","Chad","37 Years","Quinhagak","Bethel","AK","Male","American Indian / Alaska Native",07/16/2025
"MP75292",10/16/2020,"Boren, Jr.","Forrest","50 Years","Santa Ysabel","San Diego","CA","Male","American Indian / Alaska Native",09/02/2026
"MP76963",10/11/2020,"Baker","Travis","47 Years","Guthrie","Logan","OK","Male","White / Caucasian, American Indian / Alaska Native",10/02/2026
"MP83337",10/06/2020,"Longie","Steve","55 Years","Belcourt","Rolette","ND","Male","American Indian / Alaska Native",02/10/2023
"MP163116",09/15/2020,"Tsosie","Bernadell","40 Years","Whiteriver","Navajo","AZ","Female","American Indian / Alaska Native",09/28/2026
"MP73885",09/08/2020,"Tasej Gonon","María","23 Years","Laredo","Webb","TX","Female","Hispanic / Latino, American Indian / Alaska Native, Other",06/04/2025
"MP73491",08/31/2020,"Okpealuk","Florence","33 Years","Nome","Nome","AK","Female","American Indian / Alaska Native",05/19/2026
"MP74222",08/29/2020,"Sanford","Doren","34 Years","Fairbanks","Fairbanks North Star","AK","Male","American Indian / Alaska Native",01/06/2026
"MP73856",08/19/2020,"Nictune","Debbie","59 Years","Fairbanks","Fairbanks North Star","AK","Female","American Indian / Alaska Native",05/19/2026
"MP73163",08/17/2020,"Minano, Jr.","Frank","69 Years","Fairbanks","Fairbanks North Star","AK","Male","American Indian / Alaska Native",12/22/2025
"MP83847",06/05/2020,"Eskee","Alexander","37 Years","Dennehotso","Apache","AZ","Male","American Indian / Alaska Native",06/16/2026
"MP97805",06/04/2020,"Duane","Jarrett","50 Years","Bylas","Graham","AZ","Male","American Indian / Alaska Native",02/06/2026
"MP142650",05/20/2020,"Moristo","Swan","26 Years","Ak-Chin Village","Pima","AZ","Male","American Indian / Alaska Native",06/03/2026
"MP74511",05/07/2020,"Ganadonegro","Ronnie","43 Years","Socorro","Socorro","NM","Male","American Indian / Alaska Native",06/16/2026
"MP73959",04/19/2020,"Polacca","Dugan","46 Years","San Carlos","Gila","AZ","Male","American Indian / Alaska Native",04/24/2026
"MP68328",04/10/2020,"Kvamme","Albert","69 Years","Akiak","Bethel","AK","Male","American Indian / Alaska Native",09/08/2025
"MP68550",03/27/2020,"Redhair","Pepita","27 Years","Albuquerque","Bernalillo","NM","Female","American Indian / Alaska Native",03/26/2026
"MP68665",03/16/2020,"Wauahdooah","Jolene","52 Years","Lawton","Comanche","OK","Female","American Indian / Alaska Native",03/24/2025
"MP68678",03/01/2020,"Bussell, Jr","Virgil","52 Years","Weitchpec","Humboldt","CA","Male","American Indian / Alaska Native",04/23/2024
"MP133030",02/21/2020,"Goss","Blackwolf","42 Years","Tulsa","Tulsa","OK","Male","American Indian / Alaska Native",05/21/2026
"MP65572",02/09/2020,"Wheeler","Linda","67 Years","Nacogdoches","Nacogdoches","TX","Female","American Indian / Alaska Native",06/13/2023
"MP68375",02/04/2020,"Navasie","Charles","54 Years","Keams Canyon","Navajo","AZ","Male","American Indian / Alaska Native",07/13/2021
"MP65404",01/14/2020,"Dean","Matthew","38 Years","Clallam Bay","Clallam","WA","Male","American Indian / Alaska Native",04/13/2026
"MP65444",01/11/2020,"Victor","Elmer","57 Years","Bloomfield","San Juan","NM","Male","American Indian / Alaska Native",03/18/2024
"MP65402",01/04/2020,"Patterson","Nicholas","26 Years","Hat Creek","Shasta","CA","Male","American Indian / Alaska Native",03/19/2026
"MP91069",12/29/2019,"Battishill","Jeramy","41 Years","Anchorage","Anchorage","AK","Male","American Indian / Alaska Native",05/19/2026
"MP68102",12/15/2019,"Ayuluk","Curtis","32 Years","Dillingham","Dillingham","AK","Male","American Indian / Alaska Native",05/21/2026
"MP74868",12/01/2019,"Tugatuk","Michelle","31 Years","Anchorage","Anchorage","AK","Female","American Indian / Alaska Native",05/19/2026
"MP97961",12/01/2019,"Geary","Pauline","34 Years","Anchorage","Anchorage","AK","Female","American Indian / Alaska Native",05/19/2026
"MP72816",11/28/2019,"Ingorvaia","Valeria","39 Years","Fort Worth","Tarrant","TX","Female","American Indian / Alaska Native",06/26/2026
"MP64116",11/25/2019,"Goins","Tabitha","39 Years","Fayetteville","Cumberland","NC","Female","American Indian / Alaska Native",07/03/2025
"MP64608",11/25/2019,"Platero","Tamickia","20 Years","Casamero Lake","McKinley","NM","Female","American Indian / Alaska Native",06/16/2026
"MP116321",11/09/2019,"Silago","Mathilda","36 Years","Nageezi","San Juan","NM","Female","American Indian / Alaska Native",02/13/2024
"MP61889",11/07/2019,"Nelson","Brian","39 Years","Farmington","San Juan","NM","Male","American Indian / Alaska Native",09/24/2026
"MP64064",10/30/2019,"Stracener","Bradley","30 Years","Leesville","Vernon","LA","Male","White / Caucasian, American Indian / Alaska Native",07/20/2023
"MP61676",10/28/2019,"Lindsey","Faith","17 Years","Del Mar","Seminole","OK","Female","American Indian / Alaska Native",03/24/2025
"MP79646",10/15/2019,"Samuels","Kamille","65 Years","Saint Ignatius","Lake","MT","Male","American Indian / Alaska Native",10/01/2025
"MP66361",09/23/2019,"Saccheus","Thomas","70 Years","Golovin","Nome","AK","Male","American Indian / Alaska Native",05/19/2026
"MP63684",09/15/2019,"Routzen","Tristin","26 Years","Farmington","San Juan","NM","Male","American Indian / Alaska Native",09/24/2026
"MP91077",09/01/2019,"Gutowski","Samuel","38 Years","Anchorage","Anchorage","AK","Male","American Indian / Alaska Native",05/19/2026
"MP74082",09/01/2019,"Boskofsky","Cassandra","38 Years","Anchorage","Anchorage","AK","Female","American Indian / Alaska Native",09/20/2026
"MP73421",08/15/2019,"Acevedo","Cynthia","39 Years","Laveen","Maricopa","AZ","Female","American Indian / Alaska Native",01/12/2024
"MP60917",07/23/2019,"Summers","Jonas","32 Years","Tulsa","Tulsa","OK","Male","American Indian / Alaska Native",07/17/2026
"MP72339",07/21/2019,"Henry","Khiara","23 Years","Hana","Maui","HI","Female","American Indian / Alaska Native, Black / African American",04/18/2022
"MP61682",07/02/2019,"Tcheripanoff, Jr.","Demetri","36 Years","Akutan","Aleutians East","AK","Male","American Indian / Alaska Native",12/22/2025
"MP65378",07/01/2019,"Benton","Ricky","62 Years","Oklahoma City","Oklahoma","OK","Male","American Indian / Alaska Native",10/02/2026
"MP62474",06/30/2019,"Nelson-Jerry","Kaylee","21 Years","Auburn","King","WA","Female","American Indian / Alaska Native",04/30/2026
"MP58783",05/12/2019,"Barr","Ronald","19 Years","Noorvik","Northwest Arctic","AK","Male","American Indian / Alaska Native",05/19/2026
"MP58513",05/01/2019,"Martinez","Calvin","31 Years","Farmington","San Juan","NM","Male","American Indian / Alaska Native",09/24/2026
"MP109714",04/25/2019,"Obrien","Irvin","42 Years","Grasston","Pine","MN","Male","American Indian / Alaska Native",05/06/2025
"MP57258",04/09/2019,"Williamson","Hub","34 Years","Hardin","Big Horn","MT","Male","American Indian / Alaska Native",01/09/2024
"MP140336",02/16/2019,"Lee","Brandon","39 Years","Gallup","McKinley","NM","Male","American Indian / Alaska Native",03/19/2025
"MP58234",02/14/2019,"Day","Tracy","43 Years","Juneau","Juneau","AK","Female","American Indian / Alaska Native, White / Caucasian",05/19/2026
"MP54960",01/18/2019,"Johansen, III","Ingvar","28 Years","Koliganek","Dillingham","AK","Male","American Indian / Alaska Native",05/19/2026
"MP56543",01/17/2019,"Blackwater","Frank","57 Years","Lincoln","Lancaster","NE","Male","American Indian / Alaska Native",03/18/2024
"MP60946",01/01/2019,"Stone","Timothy","56 Years","Cass Lake","Cass","MN","Male","American Indian / Alaska Native",04/15/2026
"MP63825",12/27/2018,"Culps","Elias","24 Years","White Swan","Yakima","WA","Male","American Indian / Alaska Native",03/18/2024
"MP54905",12/21/2018,"Robinson","Tyrone","26 Years","Klamath Falls","Klamath","OR","Male","American Indian / Alaska Native",06/13/2025
"MP54696",12/18/2018,"Strickland","Herbert","38 Years","Laurinburg","Scotland","NC","Male","American Indian / Alaska Native",06/22/2023
"MP56689",12/09/2018,"Razo","LeeRoy","35 Years","San Diego","San Diego","CA","Male","American Indian / Alaska Native",03/18/2024
"MP52903",10/04/2018,"Ginnis","Lorraine","62 Years","Fort Yukon","Yukon–Koyukuk","AK","Female","American Indian / Alaska Native",03/11/2026
"MP107487",09/28/2018,"Douglas","Ian","23 Years","Oklahoma City","Oklahoma","OK","Male","American Indian / Alaska Native, White / Caucasian",12/12/2025
"MP52469",09/19/2018,"Skeek, Jr.","Reginald","55 Years","Kake","Prince of Wales – Hyder","AK","Male","American Indian / Alaska Native",05/19/2026
"MP60176",09/07/2018,"Lewis","Jacqueline","54 Years","Scottsdale","Maricopa","AZ","Female","American Indian / Alaska Native",06/26/2026
"MP52231",09/05/2018,"Pereda Alarcon","Jose","69 Years","Riverton","Fremont","WY","Male","Hispanic / Latino, American Indian / Alaska Native",06/12/2025
"MP51823",08/04/2018,"Thomas","Clinton","70 Years","Dustin","Hughes","OK","Male","White / Caucasian, American Indian / Alaska Native",03/24/2025
"MP157974",08/01/2018,"Rodriguez","Jimmy","55 Years","Fresno","Fresno","CA","Male","American Indian / Alaska Native",05/27/2026
"MP54018",07/31/2018,"Whitewater","Wilhelmina","45 Years","Tsaile","Apache","AZ","Female","American Indian / Alaska Native",07/26/2019
"MP52378",07/23/2018,"Harding","Shacaiah","19 Years","Billings","Yellowstone","MT","Female","American Indian / Alaska Native",04/16/2026
"MP59889",07/22/2018,"Portee","Raymond","43 Years","Havasupai","Coconino","AZ","Male","American Indian / Alaska Native",03/18/2024
"MP52836",07/17/2018,"Henson","Sammie","46 Years","Tahlequah","Cherokee","OK","Male","American Indian / Alaska Native",02/20/2026
"MP51431",07/05/2018,"Moses","Samuel","19 Years","Alakanuk","Kusilvak","AK","Male","American Indian / Alaska Native",05/19/2026
"MP51014",06/25/2018,"Bruce, Sr.","Joseph","38 Years","Devils Lake","Ramsey","ND","Male","American Indian / Alaska Native",01/08/2024
"MP51201",06/16/2018,"Charlo","Jermain","23 Years","Missoula","Missoula","MT","Female","American Indian / Alaska Native",02/05/2026
"MP51816",06/13/2018,"Westlock","Dennis","23 Years","Emmonak","Kusilvak","AK","Male","American Indian / Alaska Native",05/19/2026
"MP56425",06/03/2018,"Vicente","Julia","59 Years","Shiprock","San Juan","NM","Female","American Indian / Alaska Native",09/07/2022
"MP97800",06/01/2018,"Dosela","Hawk","31 Years","San Carlos","Gila","AZ","Male","American Indian / Alaska Native",02/02/2026
"MP51335",05/25/2018,"Richerson","Kristyn","51 Years","Muskogee","Muskogee","OK","Female","White / Caucasian, American Indian / Alaska Native",06/10/2026
"MP54669",04/23/2018,"Lanza","Lloyd","23 Years","Old Oraibi","Navajo","AZ","Male","American Indian / Alaska Native",01/12/2024
"MP64349",04/01/2018,"Holden","Courtney","26 Years","Spokane","Spokane","WA","Female","American Indian / Alaska Native",06/03/2026
"MP58235",02/23/2018,"Murphy Jr.","Michael","26 Years","Moscow","Latah","ID","Male","American Indian / Alaska Native",01/09/2024
"MP56986",02/14/2018,"Kowunna","Raleigh","60 Years","Atqasuk","North Slope","AK","Male","American Indian / Alaska Native",05/19/2026
"MP83972",02/12/2018,"Castoe, Jr","Homer","66 Years","Oklahoma City","Oklahoma","OK","Male","American Indian / Alaska Native",12/06/2024
"MP42241",02/07/2018,"Britton","Khadijah","23 Years","Covelo","Mendocino","CA","Female","American Indian / Alaska Native",04/24/2025
"MP61987",02/01/2018,"Begay","Eugene","66 Years","Aztec","San Juan","NM","Male","American Indian / Alaska Native",03/18/2024
"MP68084",02/01/2018,"Yazzie","Terrance","40 Years","Flagstaff","Coconino","AZ","Male","American Indian / Alaska Native",03/18/2024
"MP106630",01/01/2018,"Barker","Beverly","55 Years","Anchorage","Anchorage","AK","Female","American Indian / Alaska Native",09/11/2024
"MP102463",12/17/2017,"Chavez","Derrick","38 Years","Bernalillo","Sandoval","NM","Male","American Indian / Alaska Native",05/25/2023
"MP41415",12/07/2017,"Gregory","Kristopher","27 Years","Sleetmute","Bethel","AK","Male","American Indian / Alaska Native",05/19/2026
"MP59187",10/17/2017,"Campbell","Michael","43 Years","San Francisco","San Francisco","CA","Male","American Indian / Alaska Native",03/18/2024
"MP42001",10/13/2017,"Dow","Mato","25 Years","Red Wood Falls","Redwood","MN","Male","American Indian / Alaska Native",03/24/2025
"MP161742",10/01/2017,"Endischee","Curtis","49 Years","Gallup","McKinley","NM","Male","American Indian / Alaska Native",08/19/2026
"MP40606",09/26/2017,"Grant","Donna","56 Years","White Settlement","Tarrant","TX","Female","American Indian / Alaska Native",03/18/2024
"MP86172",09/03/2017,"Sandoval","Brandon","32 Years","Coppermine","Coconino","AZ","Male","American Indian / Alaska Native",06/16/2026
"MP51569",07/20/2017,"Little Eagle","Neil","49 Years","Porcupine","Oglala Lakota","SD","Male","American Indian / Alaska Native",06/17/2025
"MP38923",06/22/2017,"Charles","Francis","21 Years","Hydaburg","Prince of Wales – Hyder","AK","Male","American Indian / Alaska Native",04/02/2026
"MP40815",06/05/2017,"Loring-HeavyRunner","Ashley","20 Years","Browning","Glacier","MT","Female","American Indian / Alaska Native",01/19/2023
"MP64060",06/04/2017,"Lyons","Robert","24 Years","Menominee","Menominee","WI","Male","American Indian / Alaska Native",02/27/2024
"MP40062",06/03/2017,"Collins","Ashley","20 Years","Jicarilla Apache","Rio Arriba","NM","Female","American Indian / Alaska Native",02/21/2024
"MP39291",06/01/2017,"Barnett","Paul","48 Years","Eufaula","McIntosh","OK","Male","American Indian / Alaska Native",02/20/2026
"MP62275",05/31/2017,"Jacobs","Cynthia","41 Years","Lumberton","Robeson","NC","Female","American Indian / Alaska Native",03/18/2024
"MP38756",05/30/2017,"Aycock","Michael","42 Years","Walton","Harvey","KS","Male","American Indian / Alaska Native",09/22/2025
"MP50223",04/27/2017,"Griechen IV","Gust","25 Years","Pilot Point","Lake and Peninsula","AK","Male","American Indian / Alaska Native",12/22/2025
"MP66775",03/26/2017,"John","Tom","59 Years","Bethel","Bethel","AK","Male","American Indian / Alaska Native",05/19/2026
"MP39101",03/22/2017,"Hale","Brian","36 Years","Deep Fork River/Okfuskee County","Okfuskee","OK","Male","White / Caucasian, American Indian / Alaska Native",08/21/2026
"MP41778",03/21/2017,"Berryhill","Christopher","37 Years","Henryetta","Okmulgee","OK","Male","American Indian / Alaska Native",04/27/2026
"MP55584",03/04/2017,"Carlos","Isaac","68 Years","Sells","Pima","AZ","Male","American Indian / Alaska Native",03/18/2024
"MP39942",03/03/2017,"Begay","Tanya","36 Years","Tohatchi","McKinley","NM","Female","American Indian / Alaska Native",03/18/2024
"MP67054",02/12/2017,"Staples","Timothy","38 Years","Ketchikan","Ketchikan Gateway","AK","Male","American Indian / Alaska Native",06/10/2026
"MP67091",02/12/2017,"Smart","Troy","45 Years","Ketchikan","Ketchikan Gateway","AK","Male","American Indian / Alaska Native",06/10/2026
"MP56167",02/11/2017,"Vincler","Raymond","32 Years","St. George Island","Aleutians West","AK","Male","American Indian / Alaska Native",07/18/2025
"MP50560",02/10/2017,"Roasting Stick","Richard","57 Years","Box Elder","Hill","MT","Male","American Indian / Alaska Native",07/12/2021
"MP84800",12/11/2016,"Plenty Hawk","Randolph","53 Years","Billings","Yellowstone","MT","Male","American Indian / Alaska Native",10/07/2026
"MP55239",11/12/2016,"Fiddler","Samantha","29 Years","Bartow","Polk","FL","Female","American Indian / Alaska Native",03/19/2025
"MP37444",10/31/2016,"Aguilar","Mark","51 Years","Santa Fe","Santa Fe","NM","Male","American Indian / Alaska Native",03/18/2024
"MP36053",10/31/2016,"Jourdain","Jeremy","17 Years","Bemidji","Beltrami","MN","Male","American Indian / Alaska Native",03/12/2025
"MP36684",10/18/2016,"Knowshisgun","Freda","34 Years","Kennewick","Benton","WA","Female","American Indian / Alaska Native",07/29/2024
"MP38645",10/12/2016,"Smart","Stacey","51 Years","Lewiston","Trinity","CA","Female","American Indian / Alaska Native",02/21/2024
"MP37064",10/04/2016,"Hyasman","Jerry","55 Years","Copalis Beach","Grays Harbor","WA","Male","American Indian / Alaska Native",03/18/2024
"MP35773",10/01/2016,"Lonehill","Larissa","21 Years","Rapid City","Pennington","SD","Female","American Indian / Alaska Native",10/12/2023
"MP52878",09/07/2016,"Hamilton","Alfred","18 Years","Shageluk","Yukon–Koyukuk","AK","Male","American Indian / Alaska Native",05/19/2026
"MP36171",09/03/2016,"Salazar","Louis","46 Years","Hesperia","San Bernardino","CA","Male","Hispanic / Latino, American Indian / Alaska Native",06/26/2024
"MP35273",08/25/2016,"Orcutt","Christopher","22 Years","Juneau","Juneau","AK","Male","American Indian / Alaska Native",12/04/2025
"MP52063",07/21/2016,"Bedonie","Misty","27 Years","Jeddito","Navajo","AZ","Female","American Indian / Alaska Native",06/16/2026
"MP36879",07/12/2016,"Hawk","Walter","43 Years","Tuluksak","Bethel","AK","Male","American Indian / Alaska Native",05/19/2026
"MP36270",06/23/2016,"Cottingham","Jerry","54 Years","Ponca City","Kay","OK","Male","American Indian / Alaska Native",08/28/2025
"MP98745",05/30/2016,"Duyrea Jr.","Leon","41 Years","Phoenix","Maricopa","AZ","Male","American Indian / Alaska Native",03/18/2024
"MP34563",05/19/2016,"Marshall","Kevin","38 Years","Eagle Butte","Dewey","SD","Male","American Indian / Alaska Native",01/12/2024
"MP76027",05/16/2016,"Patram","Rayman","44 Years","Ruskin","Hillsborough","FL","Male","American Indian / Alaska Native",03/18/2024
"MP66722",05/05/2016,"Lamont, Sr.","William","77 Years","Alakanuk","Kusilvak","AK","Male","American Indian / Alaska Native",12/22/2025
"MP59743",05/05/2016,"Concha","Theresa","36 Years","Albuquerque","Bernalillo","NM","Female","American Indian / Alaska Native",03/18/2024
"MP66591",03/30/2016,"Hannon","Roger","22 Years","Elim","Nome","AK","Male","American Indian / Alaska Native",08/05/2024
"MP50707",03/24/2016,"Wilson","Loridee","30 Years","Juneau","Juneau","AK","Female","American Indian / Alaska Native",05/19/2026
"MP52223",02/03/2016,"Najar","Michael","31 Years","Llano","Llano","TX","Male","American Indian / Alaska Native",01/12/2024
"MP32696",02/02/2016,"Timperley","Rose Marie","20 Years","Okmulgee","Okmulgee","OK","Female","American Indian / Alaska Native",08/14/2026
"MP32270",01/17/2016,"Shumate","Jay","60 Years","Erie","Neosho","KS","Male","American Indian / Alaska Native",03/12/2026
"MP35288",01/16/2016,"Canipe","Sandy","48 Years","Shelby","Cleveland","NC","Male","White / Caucasian, American Indian / Alaska Native",05/21/2024
"MP41591",01/07/2016,"Henry","Andrew","69 Years","Ruby","Yukon–Koyukuk","AK","Male","American Indian / Alaska Native",12/22/2025
"MP140325",01/01/2016,"Johnson","Marvin","47 Years","Gallup","McKinley","NM","Male","American Indian / Alaska Native",03/19/2025
"MP55767",01/01/2016,"Skeek","Linda","32 Years","Anchorage","Anchorage","AK","Female","American Indian / Alaska Native",02/12/2026
"MP52062",12/31/2015,"Shabi","Lanaya","52 Years","Indian Wells","Navajo","AZ","Female","American Indian / Alaska Native",06/16/2026
"MP41560",12/31/2015,"Begay","Anery","32 Years","Tuba City","Coconino","AZ","Male","American Indian / Alaska Native",06/16/2026
"MP57528",12/14/2015,"Smallcanyon","Elaine","20 Years","Page","Coconino","AZ","Female","American Indian / Alaska Native",06/16/2026
"MP61466",12/12/2015,"Brown","Stephanie","27 Years","Farmington","San Juan","NM","Female","American Indian / Alaska Native",09/24/2026
"MP39342",12/09/2015,"Graham","Casey","24 Years","McGrath","Yukon–Koyukuk","AK","Male","American Indian / Alaska Native",09/08/2025
"MP33943",11/25/2015,"Elizalde","Maria","15 Years","Dallas","Dallas","TX","Female","Hispanic / Latino, American Indian / Alaska Native",03/21/2025
"MP66780",11/16/2015,"Hamilton","Gary","69 Years","Ketchikan","Ketchikan Gateway","AK","Male","American Indian / Alaska Native",05/19/2026
"MP31134",11/16/2015,"McGuire","Peggy","28 Years","Eufaula","McIntosh","OK","Female","White / Caucasian, American Indian / Alaska Native",06/26/2026
"MP31281",10/29/2015,"Vasquez","Alejandro","24 Years","Kyle","Oglala Lakota","SD","Male","American Indian / Alaska Native",01/12/2024
"MP32680",10/01/2015,"Saul","Merle","55 Years","Omaha","Douglas","NE","Male","American Indian / Alaska Native",10/30/2024
"MP70222",09/14/2015,"McGregor","Mel","50 Years","Chula Vista","San Diego","CA","Female","American Indian / Alaska Native",03/18/2024
"MP30449",08/29/2015,"Diaz","Elijah","20 Years","El Cajon","San Diego","CA","Male","American Indian / Alaska Native",03/18/2024
"MP30408",08/20/2015,"St. Clair","Sheila","48 Years","Duluth","St. Louis","MN","Female","American Indian / Alaska Native",10/27/2025
"MP29798",07/20/2015,"Martin","Dustin","44 Years","Hayfork","Trinity","CA","Male","American Indian / Alaska Native",09/17/2024
"MP30736",06/30/2015,"Longee","Rosalita","18 Years","Wapato","Yakima","WA","Female","American Indian / Alaska Native",08/06/2026
"MP30338",06/30/2015,"Beard","Ida","29 Years","El Reno","Canadian","OK","Female","American Indian / Alaska Native",03/24/2025
"MP141524",06/05/2015,"James","Ronda","47 Years","Chico","Butte","CA","Female","American Indian / Alaska Native",08/05/2025
"MP70405",06/01/2015,"Kohlani","Mary","68 Years","Buffalo","Erie","NY","Female","Black / African American, American Indian / Alaska Native",03/19/2024
"MP28861",05/14/2015,"Garside","William","51 Years","Stringtown","Atoka","OK","Male","White / Caucasian, American Indian / Alaska Native",05/07/2026
"MP136361",04/01/2015,"Mooney","Sadie","91 Years","Naschitti","San Juan","NM","Female","American Indian / Alaska Native, White / Caucasian",07/02/2025
"MP28428",03/12/2015,"Knox","Candyce","33 Years","Lakeland","Polk","FL","Female","American Indian / Alaska Native",06/02/2026
"MP28127",03/05/2015,"Foreman","Edward","53 Years","Geary","Blaine","OK","Male","American Indian / Alaska Native",06/09/2026
"MP29911",02/04/2015,"Graham","Sara","18 Years","Fairmont","Robeson","NC","Female","American Indian / Alaska Native",03/19/2024
"MP28859",01/16/2015,"Papakee","Rita","41 Years","Tama","Tama","IA","Female","American Indian / Alaska Native",02/05/2025
"MP36730",01/01/2015,"McConville","Justin","24 Years","Toppenish","Yakima","WA","Male","American Indian / Alaska Native",11/21/2024
"MP78212",11/25/2014,"Harvey","Dean","49 Years","Friday Harbor","San Juan","WA","Male","American Indian / Alaska Native",11/14/2025
"MP50530",11/24/2014,"Weber IV","Joseph","28 Years","San Francisco","San Francisco","CA","Male","White / Caucasian, American Indian / Alaska Native",03/19/2024
"MP38887",11/18/2014,"Head","William","29 Years","Albuquerque","Bernalillo","NM","Male","American Indian / Alaska Native",03/19/2024
"MP27028",10/05/2014,"Eagleshield","Melissa","42 Years","Rochert/Detroit Lakes","Becker","MN","Female","American Indian / Alaska Native",05/21/2026
"MP50513",10/01/2014,"Peters","Anthony","56 Years","Yakima","Yakima","WA","Male","American Indian / Alaska Native",12/04/2025
"MP52089",08/11/2014,"Horn","James","31 Years","Willits","Mendocino","CA","Male","American Indian / Alaska Native",03/09/2023
"MP27444",08/07/2014,"Limberhand","James","32 Years","Crow Agency","Big Horn","MT","Male","American Indian / Alaska Native",02/26/2019
"MP28358",07/01/2014,"Tsosie","Daniel","21 Years","Chinle","Apache","AZ","Male","American Indian / Alaska Native",07/26/2019
"MP144080",06/13/2014,"Baker Dizon","Jaidyn","5 Years","Tacoma","Pierce","WA","Female","American Indian / Alaska Native",07/08/2025
"MP25171",05/27/2014,"Boyd","Damon","29 Years","Polk County","Polk","MN","Male","American Indian / Alaska Native",03/25/2025
"MP38010",04/20/2014,"James","Melanie","21 Years","Farmington","San Juan","NM","Female","American Indian / Alaska Native",09/24/2026
"MP24339",04/11/2014,"Bread","Kermit","38 Years","Bapchule","Pinal","AZ","Male","American Indian / Alaska Native",06/05/2026
"MP42656",03/13/2014,"Billie","Christopher","43 Years","Phoenix","Maricopa","AZ","Male","American Indian / Alaska Native",06/12/2025
"MP51658",03/12/2014,"Yazzie","Nathan","23 Years","Farmington","San Juan","NM","Male","American Indian / Alaska Native",09/24/2026
"MP66675",03/03/2014,"Alexie","Travis","30 Years","Tuluksak","Bethel","AK","Male","American Indian / Alaska Native",05/19/2026
"MP76422",12/21/2013,"Ruiz","Manuel","14 Years","Phoenix","Maricopa","AZ","Male","Hispanic / Latino, American Indian / Alaska Native",03/25/2024
"MP23168",11/23/2013,"Annamitta Jr.","Michial","22 Years","Sawyer","Carlton","MN","Male","American Indian / Alaska Native",03/10/2026
"MP23034",11/21/2013,"Sconawah","Roland","23 Years","Dallesport","Klickitat","WA","Male","American Indian / Alaska Native",03/19/2024
"MP26423",10/26/2013,"Phillips","Brandon","20 Years","Akhiok","Kodiak Island","AK","Male","American Indian / Alaska Native",01/30/2025
"MP67192",10/22/2013,"Napoka","Jim","46 Years","Bethel","Bethel","AK","Male","American Indian / Alaska Native",05/19/2026
"MP22610",10/04/2013,"Stewart","Robert","25 Years","Billings","Yellowstone","MT","Male","American Indian / Alaska Native",10/04/2022
"MP66629",09/23/2013,"Shelton","Stanton","24 Years","Alakanuk","Kusilvak","AK","Male","American Indian / Alaska Native",05/19/2026
"MP61380",09/10/2013,"Foster","Alan","47 Years","Yakutat","Yakutat","AK","Male","American Indian / Alaska Native",05/19/2026
"MP33923",09/02/2013,"Harrison","Craig","26 Years","Gallup","McKinley","NM","Male","American Indian / Alaska Native",05/30/2025
"MP38008",08/16/2013,"Etcitty","LeWayne","21 Years","Shiprock","San Juan","NM","Male","American Indian / Alaska Native",05/21/2024
"MP24448",07/23/2013,"Porter","Zachary","25 Years","McMinnville","Yamhill","OR","Male","American Indian / Alaska Native, White / Caucasian",01/04/2024
"MP38260",05/12/2013,"George","Glendon","37 Years","Page","Coconino","AZ","Male","American Indian / Alaska Native",03/19/2024
"MP57638",05/01/2013,"Torres Jr.","Angel","< 1 Year","Tahlequah","Cherokee","OK","Male","American Indian / Alaska Native",03/24/2025
"MP30851",04/25/2013,"Alexander","Robert","57 Years","Box Elder","Chouteau","MT","Male","American Indian / Alaska Native",02/26/2019
"MP67012",04/10/2013,"Wright","Tony","47 Years","Iliamna","Lake and Peninsula","AK","Male","American Indian / Alaska Native",05/19/2026
"MP135943",01/01/2013,"Williams","James","59 Years","Cortez","Montezuma","CO","Male","American Indian / Alaska Native",01/28/2025
"MP17984",10/23/2012,"Lynch","Theodore","61 Years","Haines","Haines","AK","Male","American Indian / Alaska Native",05/19/2026
"MP52207",10/12/2012,"Turner","Melody","36 Years","Redding","Shasta","CA","Female","American Indian / Alaska Native",07/21/2026
"MP24130",10/10/2012,"Alexie","Mary","32 Years","Anchorage","Anchorage","AK","Female","American Indian / Alaska Native",07/16/2025
"MP67044",09/23/2012,"Slwooko","David","41 Years","Koyuk","Nome","AK","Male","American Indian / Alaska Native",12/22/2025
"MP63957",09/07/2012,"Chingliak","Angela","31 Years","Bethel","Bethel","AK","Female","American Indian / Alaska Native",05/19/2026
"MP19129",08/18/2012,"Cameron","Heather","28 Years","Redding","Shasta","CA","Female","American Indian / Alaska Native",02/21/2024
"MP17218",07/07/2012,"Sifsof","Valerie","43 Years","Past Girdwood Alaska Mile 64","Kenai Peninsula","AK","Female","American Indian / Alaska Native",05/19/2026
"MP66678",07/01/2012,"Olson","Robert","52 Years","Anchorage","Anchorage","AK","Male","American Indian / Alaska Native",05/19/2026
"MP56766",06/17/2012,"Anderson","Rhonda","13 Years","Tulsa","Tulsa","OK","Female","White / Caucasian, American Indian / Alaska Native",03/24/2025
"MP28316",06/01/2012,"White","Rebecca","52 Years","Salt Lake City","Salt Lake","UT","Female","American Indian / Alaska Native",03/19/2024
"MP17297",04/19/2012,"Juan","Wyatt","24 Years","Tucson","Pima","AZ","Male","American Indian / Alaska Native",03/03/2026
"MP15148",02/14/2012,"Dennis","Harlan","42 Years","Phoenix","Maricopa","AZ","Male","American Indian / Alaska Native",03/25/2024
"MP21322",01/25/2012,"Cloud, Jr.","Gene","20 Years","Black River Falls","Jackson","WI","Male","American Indian / Alaska Native",10/02/2026
"MP103303",09/15/2011,"Porter","Anthony","48 Years","Sacaton","Pinal","AZ","Male","American Indian / Alaska Native",06/05/2026
"MP25280",09/03/2011,"Oney","Nathan","22 Years","Saint Mary's","Kusilvak","AK","Male","American Indian / Alaska Native",04/02/2026
"MP23783",09/01/2011,"Baker","Tobey","28 Years","St George","Washington","UT","Male","American Indian / Alaska Native",11/12/2024
"MP66610",08/27/2011,"Murray","Brian","46 Years","Dillingham","Dillingham","AK","Male","American Indian / Alaska Native",05/19/2026
"MP67251",08/26/2011,"Kosbruk, Jr","Moses","43 Years","Dillingham","Dillingham","AK","Male","American Indian / Alaska Native",07/10/2025
"MP38888",08/05/2011,"Tenorio","Derrick","21 Years","Steamboat","Apache","AZ","Male","American Indian / Alaska Native",06/16/2026
"MP140192",08/02/2011,"Yazzie","Delvin","29 Years","Gallup","McKinley","NM","Male","American Indian / Alaska Native",03/19/2025
"MP25340",08/01/2011,"Guerro","Orlando","27 Years","Albuquerque","Bernalillo","NM","Male","Hispanic / Latino, American Indian / Alaska Native",03/19/2024
"MP66720",07/04/2011,"Kilbuck","Gilbert","37 Years","Goodnews Bay","Bethel","AK","Male","American Indian / Alaska Native",12/22/2025
"MP20214",04/01/2011,"Brashear","Tina","38 Years","Kellyville","Creek","OK","Female","American Indian / Alaska Native",01/08/2026
"MP10154",03/04/2011,"Thomas","Duane","30 Years","Indian Wells","Apache","AZ","Male","American Indian / Alaska Native",11/21/2023
"MP10877",02/07/2011,"Kindness","Ruthie","20 Years","Parkland","Pierce","WA","Female","American Indian / Alaska Native",09/23/2025
"MP54719",01/25/2011,"Poleahla","Adrian","44 Years","Keams Canyon","Navajo","AZ","Male","American Indian / Alaska Native",01/12/2024
"MP65661",01/11/2011,"Secody","Janson","28 Years","Aztec","San Juan","NM","Female","American Indian / Alaska Native",01/12/2024
"MP61320",12/20/2010,"Koezuna","John","55 Years","Nome","Nome","AK","Male","American Indian / Alaska Native",11/13/2025
"MP66987",12/01/2010,"Maillelle, Jr","Alvin","33 Years","Grayling","Yukon–Koyukuk","AK","Male","American Indian / Alaska Native",05/23/2025
"MP37587",11/05/2010,"Hilderbrand","William","22 Years","Bangor","Penobscot","ME","Male","American Indian / Alaska Native",07/06/2026
"MP41596",10/01/2010,"Juan","Sumi","32 Years","Hoopa","Humboldt","CA","Female","American Indian / Alaska Native",02/26/2025
"MP8590",09/13/2010,"McCullen","Teresa","48 Years","Goldsboro","Wayne","NC","Female","American Indian / Alaska Native",03/19/2024
"MP54492",08/28/2010,"Alexie","Crim","19 Years","Tuluksak","Bethel","AK","Male","American Indian / Alaska Native",05/19/2026
"MP37021",07/25/2010,"Lupie","Nick","32 Years","Bethel","Bethel","AK","Male","American Indian / Alaska Native",12/22/2025
"MP57632",07/22/2010,"Udell","Texie","51 Years","Prague","Pottawatomie","OK","Female","American Indian / Alaska Native",04/07/2026
"MP78636",05/20/2010,"Yallup Sr.","Ira","47 Years","The Dalles","Wasco","OR","Male","American Indian / Alaska Native",05/06/2025
"MP9404",04/07/2010,"Lufkins","Andrew","23 Years","Sisseton","Roberts","SD","Male","American Indian / Alaska Native",01/12/2024
"MP26388",03/31/2010,"Henry","Johnathon","31 Years","Fairbanks","Fairbanks North Star","AK","Male","American Indian / Alaska Native",05/19/2026
"MP9025",03/31/2010,"Cabinaw","Jacob","31 Years","Traverse City","Grand Traverse","MI","Male","American Indian / Alaska Native",08/05/2024
"MP33206",12/26/2009,"Mulanax","Bernard","43 Years","Manhattan","Riley","KS","Male","American Indian / Alaska Native",09/13/2024
"MP5609",11/27/2009,"Claver","Edith","47 Years","Renton","King","WA","Female","American Indian / Alaska Native",03/21/2024
"MP33005",11/01/2009,"Scott","Joseph","59 Years","Pala","San Diego","CA","Male","American Indian / Alaska Native",01/20/2026
"MP18311",08/30/2009,"Peterson","Shayne","19 Years","Albuquerque","Bernalillo","NM","Male","American Indian / Alaska Native",08/05/2024
"MP42997",08/01/2009,"Bryan, Jr","Gregory","23 Years","Klamath","Del Norte","CA","Male","American Indian / Alaska Native",12/18/2025
"MP9695",04/09/2009,"McLemore","Alyssa","21 Years","Kent","King","WA","Female","American Indian / Alaska Native",05/13/2026
"MP7884",03/21/2009,"Albert","Glen","56 Years","Pensacola","Escambia","FL","Male","American Indian / Alaska Native",08/31/2026
"MP29618",01/23/2009,"Bearrick","Benjamin","55 Years","Vicksburg","Warren","MS","Male","American Indian / Alaska Native",03/11/2026
"MP66631",01/14/2009,"Lamont","Ronald","17 Years","St. Mary's","Kusilvak","AK","Male","American Indian / Alaska Native",05/19/2026
"MP6303",12/23/2008,"Littlelight","Wyatt","< 1 Year","Billings","Yellowstone","MT","Male","American Indian / Alaska Native",09/03/2020
"MP53875",12/04/2008,"Etsitty","Roy","76 Years","Chinle","Apache","AZ","Male","American Indian / Alaska Native",08/02/2019
"MP55368",11/12/2008,"Washburn","Aren","22 Years","Niagara Falls","Niagara","NY","Male","American Indian / Alaska Native",03/30/2026
"MP43154",11/06/2008,"Ugalde Sr.","Joseph","42 Years","Sacaton","Pinal","AZ","Male","American Indian / Alaska Native",06/05/2026
"MP66537",10/02/2008,"Kaningok","Christopher","21 Years","Savoonga","Nome","AK","Male","American Indian / Alaska Native",05/19/2026
"MP26197",08/12/2008,"Martinez Jr","Hector","32 Years","Mesa","Maricopa","AZ","Male","American Indian / Alaska Native",01/12/2024
"MP30248",06/19/2008,"Nevayaktewa","Darian","19 Years","Kykotsmovi","Navajo","AZ","Male","American Indian / Alaska Native",02/02/2026
"MP7863",04/26/2008,"Livers","Robert","54 Years","Vinita","Craig","OK","Male","American Indian / Alaska Native",02/11/2026
"MP13140",04/19/2008,"Kahlstorf","James","59 Years","Park Rapids","Hubbard","MN","Male","American Indian / Alaska Native",03/24/2025
"MP9310",04/11/2008,"Hoskie","Craig","22 Years","Nas Pensacola","Escambia","FL","Male","American Indian / Alaska Native",08/31/2026
"MP9131",04/07/2008,"Kaywaykla","Jascie","19 Years","Lawton","Comanche","OK","Female","American Indian / Alaska Native",03/24/2025
"MP33330",03/23/2008,"Davis","Daniel","39 Years","Albuquerque","Bernalillo","NM","Male","American Indian / Alaska Native",03/19/2024
"MP7490",03/18/2008,"Demmert","Gabriel","30 Years","Juneau","Juneau","AK","Male","American Indian / Alaska Native",12/04/2025
"MP67129",02/20/2008,"Dunne","Michael","45 Years","Juneau","Juneau","AK","Male","American Indian / Alaska Native",09/04/2026
"MP67200",11/22/2007,"Custer, Jr","Stanley","31 Years","Kotzebue","Northwest Arctic","AK","Male","American Indian / Alaska Native",09/17/2026
"MP78222",11/04/2007,"Hansen","Michael","45 Years","Yakima","Yakima","WA","Male","American Indian / Alaska Native",05/06/2025
"MP51990",11/02/2007,"Lauramore","Dannielle","20 Years","Jacksonville","Duval","FL","Female","White / Caucasian, American Indian / Alaska Native",09/29/2025
"MP9012",10/12/2007,"Floyd","Augustine","18 Years","Mount Pleasant","Isabella","MI","Male","American Indian / Alaska Native",07/08/2025
"MP36484",09/08/2007,"Ungott","Gilbert","43 Years","Gambell","Nome","AK","Male","American Indian / Alaska Native",05/19/2026
"MP36487",08/26/2007,"Venes Jr.","Donald","28 Years","Bethel","Bethel","AK","Male","American Indian / Alaska Native",08/07/2026
"MP66350",07/28/2007,"Rawls","Chad","23 Years","Igiugig","Lake and Peninsula","AK","Male","American Indian / Alaska Native",05/23/2025
"MP66349",07/28/2007,"Abarca","Clinton","26 Years","Igiugig","Lake and Peninsula","AK","Male","American Indian / Alaska Native",05/19/2026
"MP66497",07/24/2007,"Shellikoff","Shanelle","15 Years","False Pass","Aleutians East","AK","Female","American Indian / Alaska Native",11/18/2025
"MP65071",06/16/2007,"Yatchmenoff","Dale","43 Years","False Pass","Aleutians East","AK","Male","American Indian / Alaska Native",12/22/2025
"MP1080",06/06/2007,"Peters","Jennifer","23 Years","Mesa","Maricopa","AZ","Female","American Indian / Alaska Native",09/15/2026
"MP67135",05/24/2007,"Foxglove","Angela","18 Years","Selawik","Northwest Arctic","AK","Female","American Indian / Alaska Native",05/19/2026
"MP449",05/12/2007,"Boyd","Sheldon","27 Years","Chandler","Maricopa","AZ","Male","American Indian / Alaska Native",02/21/2024
"MP18321",04/01/2007,"Boney","Kevin","39 Years","Houston","Harris","TX","Male","American Indian / Alaska Native",02/21/2024
"MP12752",03/06/2007,"Maynor","Sharletha","36 Years","Red Springs","Robeson","NC","Female","American Indian / Alaska Native",03/19/2024
"MP179",02/19/2007,"Tillman-Locket","Ricarda","22 Years","Memphis","Shelby","TN","Female","American Indian / Alaska Native",10/29/2019
"MP4260",01/05/2007,"Mishow","Kateri","22 Years","Minneapolis","Hennepin","MN","Female","American Indian / Alaska Native",03/24/2025
"MP56509",01/01/2007,"Wyasket Jr.","Theodore","24 Years","Fort Duchesne","Uintah","UT","Male","American Indian / Alaska Native",02/05/2026
"MP50722",12/01/2006,"John","Jonathan","41 Years","Farmington","San Juan","NM","Male","American Indian / Alaska Native",01/12/2024
"MP34139",11/16/2006,"Agathluk","Albert","36 Years","Emmonak","Kusilvak","AK","Male","American Indian / Alaska Native",05/19/2026
"MP138438",07/08/2006,"Macias","Rudy","50 Years","Aberdeen","Grays Harbor","WA","Male","American Indian / Alaska Native",02/12/2025
"MP66627",03/10/2006,"Young","Matthew","18 Years","Juneau","Juneau","AK","Male","American Indian / Alaska Native",12/22/2025
"MP5293",03/02/2006,"Thomas","Jerome","25 Years","Vanderwagen","McKinley","NM","Male","American Indian / Alaska Native",10/22/2025
"MP257",02/03/2006,"Yellowmule","Levi","28 Years","Wyola","Big Horn","MT","Male","American Indian / Alaska Native",09/10/2026
"MP143",12/20/2005,"Lowery","Jessica","25 Years","Lumberton","Robeson","NC","Female","American Indian / Alaska Native",02/21/2024
"MP50591",09/22/2005,"Johnson","Charlene","37 Years","Dillingham","Dillingham","AK","Female","American Indian / Alaska Native",05/19/2026
"MP66582",09/09/2005,"Tomaganuk","Joseph","15 Years","Bethel","Bethel","AK","Male","American Indian / Alaska Native",08/01/2024
"MP66779",09/09/2005,"Tall","Daylon","16 Years","Bethel","Bethel","AK","Male","American Indian / Alaska Native",05/19/2026
"MP61616",09/01/2005,"Escalanti","Anthony","40 Years","El Centro","Imperial","CA","Male","American Indian / Alaska Native",03/18/2024
"MP11165",09/01/2005,"George","David","21 Years","Juneau","Juneau","AK","Male","American Indian / Alaska Native",05/19/2026
"MP5296",08/13/2005,"Begay","Raymond","41 Years","Gamerco","McKinley","NM","Male","American Indian / Alaska Native",02/22/2024
"MP124737",08/09/2005,"Giago","David","43 Years","Tempe","Maricopa","AZ","Male","White / Caucasian, American Indian / Alaska Native",11/06/2025
"MP102777",08/01/2005,"Kaulaity","Joseph","46 Years","Oklahoma City","Oklahoma","OK","Male","American Indian / Alaska Native",04/22/2026
"MP5197",07/11/2005,"Boswell","JoJo","19 Years","Owatonna","Steele","MN","Female","American Indian / Alaska Native",10/22/2025
"MP134",06/21/2005,"Lope","Edd","29 Years","Washington","Washington","UT","Male","American Indian / Alaska Native",01/28/2026
"MP38314",06/03/2005,"Wahpeta Jr.","Clayton","37 Years","Gila River","Gila","AZ","Male","American Indian / Alaska Native",06/05/2026
"MP66486",05/21/2005,"Ozenna","Sonja","6 Years","Little Diomede","Nome","AK","Female","American Indian / Alaska Native",08/13/2026
"MP28907",05/01/2005,"Jones","Carey","45 Years","Sarasota","Sarasota","FL","Female","American Indian / Alaska Native",02/21/2024
"MP66492",04/27/2005,"Nowpakahok","Yolanda","11 Years","Nome","Nome","AK","Female","American Indian / Alaska Native",05/19/2026
"MP66509",04/27/2005,"Nowpakahok","Leonard","11 Years","Nome","Nome","AK","Male","American Indian / Alaska Native",08/10/2026
"MP66944",04/27/2005,"Nowpakahok","Jason","38 Years","Nome","Nome","AK","Male","American Indian / Alaska Native",12/22/2025
"MP19644",02/27/2005,"Bohl","Jeffery","43 Years","Pauma Valley","San Diego","CA","Male","American Indian / Alaska Native",02/22/2024
"MP160241",02/13/2005,"Charley","Everett","28 Years","Cove","Apache","AZ","Male","American Indian / Alaska Native",10/07/2026
"MP66557",02/10/2005,"Andrew","Glenda","25 Years","St Mary's","Kusilvak","AK","Female","American Indian / Alaska Native",05/19/2026
"MP66764",01/15/2005,"Luna","Josias","48 Years","Kodiak","Kodiak Island","AK","Male","American Indian / Alaska Native",05/23/2025
"MP144587",12/18/2004,"Grissom","John","44 Years","Atlanta","Fulton","GA","Male","Black / African American, American Indian / Alaska Native",06/02/2025
"MP849",12/13/2004,"Adams","Stephan","26 Years","Tahlequah","Cherokee","OK","Male","American Indian / Alaska Native",09/09/2026
"MP9303",11/02/2004,"Martin","Wilbert","32 Years","Klagetoh","Apache","AZ","Male","American Indian / Alaska Native",06/16/2026
"MP15172",10/12/2004,"Lewis","Stephanie","21 Years","Lumberton","Robeson","NC","Female","American Indian / Alaska Native",02/24/2024
"MP33707",10/05/2004,"Apatiki","Eric","21 Years","Nome","Nome","AK","Male","American Indian / Alaska Native",05/19/2026
"MP66943",08/27/2004,"Lane, Jr","Robert","35 Years","Palmer","Matanuska-Susitna","AK","Male","American Indian / Alaska Native",05/19/2026
"MP23488",07/13/2004,"Whitecalf","Richard","71 Years","Rapid City","Pennington","SD","Male","American Indian / Alaska Native",01/12/2024
"MP124",07/06/2004,"Locklear","Delwin","27 Years","Maxton","Robeson","NC","Male","American Indian / Alaska Native",02/24/2024
"MP66559",06/15/2004,"Andrews","Steven","13 Years","Bethel","Bethel","AK","Male","American Indian / Alaska Native",12/22/2025
"MP4352",05/17/2004,"Reid","Tiffany","16 Years","Shiprock","San Juan","NM","Female","American Indian / Alaska Native",06/16/2026
"MP3833",05/03/2004,"Maynard","Roy","55 Years","Pleasant Garden","Guilford","NC","Male","American Indian / Alaska Native",09/01/2026
"MP4340",04/29/2004,"Thrower","Kimberly","16 Years","Laurinburg","Scotland","NC","Female","American Indian / Alaska Native",02/21/2024
"MP4305",03/28/2004,"Tyler","Giovanna","29 Years","Tacoma","Pierce","WA","Female","American Indian / Alaska Native",03/18/2024
"MP58397",02/02/2004,"Keesy","David","33 Years","Tacoma","Pierce","WA","Male","American Indian / Alaska Native",09/09/2024
"MP66896",01/22/2004,"Ulak","Dennis","27 Years","Bethel","Bethel","AK","Male","American Indian / Alaska Native",12/22/2025
"MP8132",01/10/2004,"Gorman","Vincent","32 Years","Mesa","Maricopa","AZ","Male","American Indian / Alaska Native",02/21/2024
"MP856",01/03/2004,"Scott","Yvonne","31 Years","Wyoming","Kent","MI","Female","American Indian / Alaska Native",02/21/2024
"MP32067",01/01/2004,"Ratushniak","Kimberly","25 Years","Long Island","Suffolk","NY","Female","American Indian / Alaska Native",02/21/2024
"MP66654",12/30/2003,"Mills","Richard","14 Years","Juneau","Juneau","AK","Male","American Indian / Alaska Native",05/19/2026
"MP4433",10/17/2003,"Ozuna-Ulrich","Beverly","42 Years","Belle Fourche","Butte","SD","Female","American Indian / Alaska Native",10/12/2023
"MP84657",08/03/2003,"Williams","Pauline","44 Years","Philadelphia","Neshoba","MS","Female","American Indian / Alaska Native",07/22/2026
"MP26377",05/07/2003,"Gonangnan","Marion","32 Years","Fairbanks","Fairbanks North Star","AK","Female","American Indian / Alaska Native",05/19/2026
"MP789",04/14/2003,"Burke","Casey","19 Years","Nespelem","Okanogan","WA","Male","American Indian / Alaska Native",02/20/2026
"MP602",04/14/2003,"Julian","Christine","30 Years","Albuquerque","Bernalillo","NM","Female","American Indian / Alaska Native",02/19/2026
"MP67038",01/31/2003,"Snyder","Timothy","25 Years","Kotzebue","Northwest Arctic","AK","Male","American Indian / Alaska Native",08/10/2026
"MP115285",11/29/2002,"Barlow Sr.","Leslie","55 Years","Phoenix","Maricopa","AZ","Male","American Indian / Alaska Native",10/14/2024
"MP18871",11/10/2002,"Jackson","Jay","44 Years","Milan","Cibola","NM","Male","American Indian / Alaska Native",02/21/2024
"MP26369",11/09/2002,"Foster","Douglas","21 Years","Anchorage","Anchorage","AK","Male","American Indian / Alaska Native",06/13/2025
"MP7996",10/19/2002,"Wandahsega","Kathleen","33 Years","Port Richey","Pasco","FL","Female","American Indian / Alaska Native",10/23/2025
"MP66988",10/04/2002,"Standifer, Jr","Daniel","34 Years","Soldotna","Kenai Peninsula","AK","Male","American Indian / Alaska Native",05/19/2026
"MP125110",08/31/2002,"Blanchard","Todd","38 Years","Becenti","McKinley","NM","Male","American Indian / Alaska Native",07/02/2025
"MP37392",08/29/2002,"Outah Jr.","Lawrence","40 Years","Gunsight","Yavapai","AZ","Male","American Indian / Alaska Native",03/19/2024
"MP59460",07/04/2002,"Sorrell","Laverda","44 Years","Fort Defiance","Apache","AZ","Female","American Indian / Alaska Native",06/16/2026
"MP1059",06/08/2002,"Kolden","Jeffrey","30 Years","Morenci","Greenlee","AZ","Male","American Indian / Alaska Native",02/21/2024
"MP142544",04/01/2002,"Nosie","Johnnie","19 Years","Whiteriver","Navajo","AZ","Male","American Indian / Alaska Native",04/24/2025
"MP67199",03/07/2002,"Bunyan","Milton","17 Years","Bethel","Bethel","AK","Male","American Indian / Alaska Native",05/19/2026
"MP5169",02/21/2002,"Meek","Hope","25 Years","Valliant","McCurtain","OK","Female","White / Caucasian, American Indian / Alaska Native",05/29/2026
"MP66371",01/10/2002,"Ayojiak","Michael","26 Years","Togiak","Dillingham","AK","Male","American Indian / Alaska Native",05/19/2026
"MP4702",01/09/2002,"Lowery","Brian","30 Years","Lumberton","Robeson","NC","Male","American Indian / Alaska Native",10/10/2024
"MP162185",12/04/2001,"Grover","Linda","41 Years","Sturgis","Meade","SD","Female","American Indian / Alaska Native",08/31/2026
"MP66477",10/21/2001,"Evan","Jaden","3 Years","Bethel","Bethel","AK","Male","American Indian / Alaska Native",05/19/2026
"MP1054",08/28/2001,"Josytewa","Ira","21 Years","Phoenix","Maricopa","AZ","Male","Hispanic / Latino, American Indian / Alaska Native",05/24/2024
"MP17659",08/28/2001,"Hamilton","Ronald","41 Years","Hemet","Riverside","CA","Male","American Indian / Alaska Native",03/19/2024
"MP237",08/17/2001,"Franks","Freida","45 Years","Stone County","Stone","MO","Female","American Indian / Alaska Native",02/21/2024
"MP37032",08/15/2001,"Edwards","Raymond","36 Years","Mekoryuk","Bethel","AK","Male","American Indian / Alaska Native",05/19/2026
"MP57578",07/10/2001,"Raines","Roberta","19 Years","Toppenish","Yakima","WA","Female","American Indian / Alaska Native",03/19/2024
"MP66609",05/19/2001,"Edwards","John","30 Years","Bethel","Bethel","AK","Male","American Indian / Alaska Native",05/19/2026
"MP21899",03/27/2001,"Gauthier","Charles","86 Years","Richmond Twp.","Marquette","MI","Male","American Indian / Alaska Native",02/21/2024
"MP66952",03/13/2001,"Evan","Nathan","29 Years","Bethel","Bethel","AK","Male","American Indian / Alaska Native",05/19/2026
"MP8420",03/09/2001,"Montoya","Melissa","42 Years","Dulce","Rio Arriba","NM","Female","American Indian / Alaska Native",02/27/2026
"MP40914",02/12/2001,"Key","Joe","30 Years","Talihina","Latimer","OK","Male","White / Caucasian, American Indian / Alaska Native",03/24/2025
"MP1107",02/04/2001,"Tsosie","Kelvin","24 Years","Kayenta","Navajo","AZ","Male","American Indian / Alaska Native",09/18/2025
"MP64933",01/29/2001,"Fredericks","Allen","37 Years","Sleetmute","Bethel","AK","Male","American Indian / Alaska Native",06/17/2026
"MP66601",12/27/2000,"Saccheus","Garrett","15 Years","Nome","Nome","AK","Male","American Indian / Alaska Native",05/19/2026
"MP66479",12/27/2000,"Smith","Belinda","14 Years","Nome","Nome","AK","Female","American Indian / Alaska Native",05/23/2025
"MP1770",12/22/2000,"Fields","Rose","36 Years","Omaha","Douglas","NE","Female","American Indian / Alaska Native",10/30/2024
"MP66688",12/15/2000,"Zaukar","Nick","44 Years","Bethel","Bethel","AK","Male","American Indian / Alaska Native",09/15/2026
"MP11177",12/05/2000,"Wright Jr.","Richard","34 Years","Juneau","Juneau","AK","Male","American Indian / Alaska Native",05/19/2026
"MP60279",10/14/2000,"Adams","David","30 Years","El Prado","Taos","NM","Male","American Indian / Alaska Native",04/25/2024
"MP34145",07/21/2000,"Chocknok, Sr,","Charlie","84 Years","New Stuyahok","Dillingham","AK","Male","American Indian / Alaska Native",12/22/2025
"MP65890",07/10/2000,"Vest","Odell","21 Years","Towaoc","Montezuma","CO","Male","American Indian / Alaska Native",10/23/2025
"MP1259",06/23/2000,"Humber","Peggy","44 Years","Bakersfield","Kern","CA","Female","American Indian / Alaska Native",02/26/2024
"MP41581",04/09/2000,"Crabtree","David","13 Years","Locust Grove","Mayes","OK","Male","American Indian / Alaska Native",07/21/2025
"MP5298",03/01/2000,"Benally","Wade","37 Years","Crownpoint","McKinley","NM","Male","American Indian / Alaska Native",02/26/2024
"MP5849",12/30/1999,"Bible","Lauria","16 Years","Welch","Craig","OK","Female","White / Caucasian, American Indian / Alaska Native",01/17/2026
"MP66741",11/28/1999,"Mayfield","John","32 Years","Galena","Yukon–Koyukuk","AK","Male","American Indian / Alaska Native",05/19/2026
"MP5500",10/25/1999,"Kinsey","Leona","45 Years","La Grande","Union","OR","Female","American Indian / Alaska Native",10/23/2024
"MP34751",10/20/1999,"Immergan","Lancelot","33 Years","Savoonga","Nome","AK","Male","American Indian / Alaska Native",05/19/2026
"MP55738",10/10/1999,"Abeita","Kirby","43 Years","Santo Domingo Pueblo","Sandoval","NM","Male","American Indian / Alaska Native",05/16/2025
"MP98711",05/30/1999,"Delapena","Alfredo","41 Years","Hermiston","Umatilla","OR","Male","American Indian / Alaska Native",03/19/2024
"MP54908",05/29/1999,"LeMieux","Roger","35 Years","The Dalles","Wasco","OR","Male","American Indian / Alaska Native",01/08/2024
"MP66981",05/20/1999,"Brown, Sr","Raymond","61 Years","Kotzebue","Northwest Arctic","AK","Male","American Indian / Alaska Native",12/22/2025
"MP66895",05/20/1999,"Sheldon, Sr","Douglas","69 Years","Kotzebue","Northwest Arctic","AK","Male","American Indian / Alaska Native",12/22/2025
"MP10337",05/16/1999,"Cooper","Ryan","22 Years","Rochester","Monroe","NY","Male","American Indian / Alaska Native",02/26/2024
"MP5599",03/18/1999,"Hausberg","Leanne","14 Years","Bensonhurst","Kings","NY","Female","White / Caucasian, American Indian / Alaska Native",06/30/2025
"MP36294",03/14/1999,"Ellefson","Martin","38 Years","Spokane","Spokane","WA","Male","American Indian / Alaska Native",03/19/2024
"MP13816",02/15/1999,"Simpson","Kitty","27 Years","Oklahoma City","Oklahoma","OK","Female","White / Caucasian, American Indian / Alaska Native",10/02/2026
"MP6299",01/23/1999,"Lewis","Teekah","2 Years","Tacoma","Pierce","WA","Female","Black / African American, American Indian / Alaska Native",01/21/2025
"MP2304",01/05/1999,"Yanez","Innocente","26 Years","Tahlequah","Cherokee","OK","Male","American Indian / Alaska Native",02/11/2026
"MP797",12/31/1998,"Colegrove","Boyd","57 Years","Aberdeen","Grays Harbor","WA","Male","American Indian / Alaska Native",02/20/2026
"MP66686",11/12/1998,"McLuke, Sr.","Boris","38 Years","Kotzebue","Northwest Arctic","AK","Male","American Indian / Alaska Native",05/19/2026
"MP66728",10/31/1998,"Wise","Edward","77 Years","Bethel","Bethel","AK","Male","American Indian / Alaska Native",05/19/2026
"MP24185",10/18/1998,"Henry, Jr.","Archie","49 Years","Nome","Nome","AK","Male","American Indian / Alaska Native",05/19/2026
"MP66528",10/06/1998,"Alstrom III","Frank","14 Years","Bethel","Bethel","AK","Male","American Indian / Alaska Native",05/19/2026
"MP66657",10/01/1998,"Thomas","Walter","34 Years","Kotzebue","Northwest Arctic","AK","Male","American Indian / Alaska Native",05/19/2026
"MP66768",10/01/1998,"Lee","Blaine","27 Years","Kotzebue","Northwest Arctic","AK","Male","American Indian / Alaska Native",05/19/2026
"MP66587",08/27/1998,"Ozenna","Jason","22 Years","Nome","Nome","AK","Male","American Indian / Alaska Native",05/19/2026
"MP66882",08/27/1998,"Kayouktuk","Mevlin","45 Years","Nome","Nome","AK","Male","American Indian / Alaska Native",05/19/2026
"MP66561",08/27/1998,"Ozenna","Gene","41 Years","Nome","Nome","AK","Male","American Indian / Alaska Native",05/19/2026
"MP66483",08/27/1998,"Omiak","Kevin","7 Years","Nome","Nome","AK","Male","American Indian / Alaska Native",08/10/2026
"MP66590",08/27/1998,"Omiak","Emery","38 Years","Nome","Nome","AK","Male","American Indian / Alaska Native",05/19/2026
"MP66515",08/27/1998,"Milligrock","Mary","18 Years","Nome","Nome","AK","Female","American Indian / Alaska Native",05/19/2026
"MP66616",08/15/1998,"Alexie","Wassilie","37 Years","Bethel","Bethel","AK","Male","American Indian / Alaska Native",05/19/2026
"MP309",08/14/1998,"Geyer","April","21 Years","St Paul","Ramsey","MN","Female","White / Caucasian, American Indian / Alaska Native",09/11/2026
"MP125167",08/06/1998,"Latham","Robin","33 Years","Eau Claire","Eau Claire","WI","Male","White / Caucasian, American Indian / Alaska Native",03/24/2026
"MP19874",07/01/1998,"Johnny","Theresa","30 Years","Anchorage","Anchorage","AK","Female","American Indian / Alaska Native",05/19/2026
"MP7808",07/01/1998,"Mullens","Kimberly","32 Years","Tulsa","Tulsa","OK","Female","White / Caucasian, American Indian / Alaska Native",07/22/2026
"MP67057",06/05/1998,"Jackson","Andrew","43 Years","Hoonah","Hoonah–Angoon","AK","Male","American Indian / Alaska Native",03/10/2026
"MP67190",06/05/1998,"Gray","Lawrence","37 Years","Hoonah","Hoonah–Angoon","AK","Male","American Indian / Alaska Native",03/10/2026
"MP638",05/29/1998,"Tewangiotewa","Pernell","21 Years","Farmington","San Juan","NM","Male","American Indian / Alaska Native",09/24/2026
"MP4630",05/19/1998,"Washington","Jondalar","17 Years","St. Michael","Aleutians East","AK","Male","American Indian / Alaska Native",05/19/2026
"MP7278",01/22/1998,"White","Odessa","17 Years","Seattle","King","WA","Female","American Indian / Alaska Native",03/19/2024
"MP116274",01/17/1998,"Redhouse","James","43 Years","Teec Nos Pos","Apache","AZ","Male","American Indian / Alaska Native",02/12/2024
"MP13046",12/01/1997,"Bush Jr.","Charles","46 Years","Bagley","Clearwater","MN","Male","American Indian / Alaska Native",03/25/2025
"MP186",09/26/1997,"Kerr","Thomas","37 Years","Las Vegas","Clark","NV","Male","American Indian / Alaska Native",06/11/2025
"MP18370",09/16/1997,"McDonald","Jessica","21 Years","LaConner","Skagit","WA","Female","American Indian / Alaska Native",03/19/2024
"MP17435",08/20/1997,"Briseno","Lisa","28 Years","Portland","Multnomah","OR","Female","American Indian / Alaska Native",01/08/2024
"MP29289",06/26/1997,"Urton Sr.","Robert","49 Years","Lakeside","Navajo","AZ","Male","American Indian / Alaska Native",11/17/2025
"MP79874",06/17/1997,"Ochoa","Rhea","28 Years","Scottsdale","Maricopa","AZ","Female","American Indian / Alaska Native",10/08/2026
"MP66945",05/24/1997,"Matthews","William","81 Years","Ketchikan","Ketchikan Gateway","AK","Male","American Indian / Alaska Native",05/19/2026
"MP67252",11/06/1996,"Lundgren","Jack","30 Years","Dillingham","Dillingham","AK","Male","American Indian / Alaska Native",05/19/2026
"MP66913",10/09/1996,"Oktoyuk","Tony","23 Years","St. Mary's","Kusilvak","AK","Male","American Indian / Alaska Native",06/15/2026
"MP4482",08/26/1996,"Evon","Stella","17 Years","Bethel","Bethel","AK","Female","American Indian / Alaska Native",06/30/2026
"MP22875",08/10/1996,"Thomas","Lisa","36 Years","Bakersfield","Kern","CA","Female","American Indian / Alaska Native",02/26/2024
"MP4478",08/08/1996,"King","Gloria","42 Years","Albuquerque","Bernalillo","NM","Female","American Indian / Alaska Native",09/19/2025
"MP41844",08/02/1996,"Claw","Betty","50 Years","Farmington","San Juan","NM","Female","American Indian / Alaska Native",02/26/2024
"MP36694",04/26/1996,"Skenandore","Daniel","40 Years","Green Bay","Brown","WI","Male","American Indian / Alaska Native",12/17/2024
"MP14279",04/17/1996,"Sam","Anthony","29 Years","Auburn","King","WA","Male","American Indian / Alaska Native",02/17/2026
"MP2520",02/26/1996,"Jacobs","Troy","22 Years","Raeford","Hoke","NC","Male","American Indian / Alaska Native",05/06/2025
"MP66816",02/18/1996,"Allen","Rodney","24 Years","Dillingham","Dillingham","AK","Male","American Indian / Alaska Native",09/17/2026
"MP76158",02/01/1996,"Trujillo","Eleanor","37 Years","Yakima","Yakima","WA","Female","American Indian / Alaska Native",06/13/2024
"MP83559",11/25/1995,"Smith","Trent","46 Years","Mesa","Maricopa","AZ","Male","American Indian / Alaska Native",06/26/2026
"MP23715",11/02/1995,"Hotomanie","Valen","23 Years","Wolf Point","Roosevelt","MT","Male","American Indian / Alaska Native",11/20/2025
"MP66850",10/15/1995,"Jackson, Jr","Gerald","37 Years","Prince of Wales","Prince of Wales – Hyder","AK","Male","American Indian / Alaska Native",05/19/2026
"MP66766",09/29/1995,"Silver","Gerald","55 Years","Fairbanks","Fairbanks North Star","AK","Male","American Indian / Alaska Native",05/19/2026
"MP66505",09/17/1995,"Eppling","Shakti","39 Years","King Salmon","Bristol Bay","AK","Female","American Indian / Alaska Native",05/19/2026
"MP11665",08/13/1995,"Adamczak","Vincent","41 Years","Wellston","Manistee","MI","Male","American Indian / Alaska Native",02/26/2024
"MP75132",08/02/1995,"Charles","Avery","81 Years",,"Malheur","OR","Male","American Indian / Alaska Native",11/03/2023
"MP884",07/14/1995,"Killitz","David","28 Years","Springfield","Lane","OR","Male","American Indian / Alaska Native",05/16/2024
"MP66506",07/06/1995,"Bavilla","Theodore","16 Years","Dillingham","Dillingham","AK","Male","American Indian / Alaska Native",05/19/2026
"MP26398",07/04/1995,"Lane","Leonard","73 Years","Fairbanks","Fairbanks North Star","AK","Male","American Indian / Alaska Native",07/10/2025
"MP66653",06/01/1995,"Luke","Henry","36 Years","Fairbanks","Fairbanks North Star","AK","Male","American Indian / Alaska Native",05/19/2026
"MP2522",05/08/1995,"Lowery","Terry","19 Years","Maxton","Robeson","NC","Male","American Indian / Alaska Native",11/18/2024
"MP17418",05/01/1995,"Chase","Stephanie","25 Years","Oklahoma City","Oklahoma","OK","Female","American Indian / Alaska Native",10/02/2026
"MP6171",04/09/1995,"Herda","Bryce","6 Years","Neah Bay","Clallam","WA","Male","American Indian / Alaska Native",03/19/2024
"MP66462",02/17/1995,"Akelkok","Fred","41 Years","Dillingham","Dillingham","AK","Male","American Indian / Alaska Native",05/21/2026
"MP70935",01/24/1995,"Green","Richard","37 Years","Hampton","Hampton","VA","Male","American Indian / Alaska Native, Uncertain",03/13/2025
"MP78801",10/30/1994,"Sampson","Daniel","71 Years","Yakima","Yakima","WA","Male","American Indian / Alaska Native",05/19/2025
"MP66535",10/21/1994,"Murray","Kevin","29 Years","Nome","Nome","AK","Male","American Indian / Alaska Native",05/19/2026
"MP2886",10/17/1994,"Piotrowski","Anjanette","21 Years","Hamburg","Erie","NY","Female","American Indian / Alaska Native, Hispanic / Latino, White / Caucasian",07/29/2025
"MP57672",09/01/1994,"Gibson","Jason","22 Years","Ardmore","Carter","OK","Male","American Indian / Alaska Native, White / Caucasian",07/14/2025
"MP20658",08/28/1994,"Apodaca","Abraham","34 Years","Sacramento","Yuba","CA","Male","American Indian / Alaska Native",04/17/2025
"MP66607",08/26/1994,"Snyder","Thomas","32 Years","Bethel","Bethel","AK","Male","American Indian / Alaska Native",05/19/2026
"MP81339",08/06/1994,"Brown, Sr.","Leonard","42 Years","Fort Totten","Benson","ND","Male","American Indian / Alaska Native",03/11/2026
"MP66562",07/21/1994,"Nathan","David","30 Years","Prince of Wales","Prince of Wales – Hyder","AK","Male","American Indian / Alaska Native",05/19/2026
"MP5421",07/21/1994,"Harney","Ronda","40 Years","Biloxi","Harrison","MS","Female","American Indian / Alaska Native",09/03/2026
"MP151181",05/29/1994,"Long Warrior Jr.","Lyle","5 Years","Pierre","Hughes","SD","Male","American Indian / Alaska Native",06/01/2026
"MP15537",05/28/1994,"Yancey","Jesse","27 Years","Tahlequah","Cherokee","OK","Male","American Indian / Alaska Native",03/24/2025
"MP109073",05/21/1994,"Rivers Sr.","Aaron","26 Years","Wet Camp Village","Pinal","AZ","Male","American Indian / Alaska Native",04/07/2026
"MP92545",04/28/1994,"Montoya","Melena","22 Years","Albuquerque","Bernalillo","NM","Female","American Indian / Alaska Native",07/22/2026
"MP11365",03/28/1994,"Reamer","John","25 Years","Helena","Lewis and Clark","MT","Male","American Indian / Alaska Native",05/04/2026
"MP7249",03/22/1994,"McBride III","William","35 Years","Salt Lake City","Salt Lake","UT","Male","American Indian / Alaska Native",03/13/2025
"MP65047",02/18/1994,"Hall","Anthony","31 Years","Akiak","Bethel","AK","Male","American Indian / Alaska Native",05/19/2026
"MP66912",01/03/1994,"Burk","Patrick","36 Years","Nenana","Yukon–Koyukuk","AK","Male","American Indian / Alaska Native",12/22/2025
"MP67282",09/19/1993,"Brush, Jr","Clarence","28 Years","Nulato","Yukon–Koyukuk","AK","Male","American Indian / Alaska Native",05/19/2026
"MP24188",09/14/1993,"Maldonado","Marjorie","38 Years","Fairbanks","Fairbanks North Star","AK","Female","American Indian / Alaska Native",04/06/2026
"MP26415",09/01/1993,"Mark","Robert","35 Years","Aniak","Bethel","AK","Male","American Indian / Alaska Native",05/19/2026
"MP66842",07/30/1993,"Mckinley","Levi","64 Years","Juneau","Juneau","AK","Male","American Indian / Alaska Native",12/22/2025
"MP66710",07/23/1993,"Light","Harold","33 Years","Juneau","Juneau","AK","Male","American Indian / Alaska Native",05/19/2026
"MP66588",06/25/1993,"Willie","Oscar","28 Years","Bethel","Bethel","AK","Male","American Indian / Alaska Native",05/19/2026
"MP11158",06/01/1993,"Ebona, III","Martin","27 Years","Juneau","Juneau","AK","Male","American Indian / Alaska Native",05/19/2026
"MP6962",04/27/1993,"Pictou Noyes","Virginia","26 Years","Houlton","Aroostook","ME","Female","American Indian / Alaska Native",02/10/2026
"MP3265",02/17/1993,"Samuels","Tracy","24 Years","Glenpool","Tulsa","OK","Female","White / Caucasian, American Indian / Alaska Native",01/06/2026
"MP5576",01/27/1993,"Chesser","Lynn","47 Years","Naples","Collier","FL","Female","American Indian / Alaska Native",11/07/2023
"MP66732",01/14/1993,"Joseph Jr.","Percy","29 Years","Fairbanks","Fairbanks North Star","AK","Male","American Indian / Alaska Native",05/19/2026
"MP66983",11/27/1992,"Schenderline","Dominic","43 Years","Sitka","Sitka","AK","Male","American Indian / Alaska Native",05/19/2026
"MP66679",11/23/1992,"Sharp","Abraham","30 Years","Bethel","Bethel","AK","Male","American Indian / Alaska Native",05/19/2026
"MP5836",11/05/1992,"Becker","Douglas","16 Years","Anacortes","Island","WA","Male","American Indian / Alaska Native, White / Caucasian",10/22/2025
"MP7132",10/17/1992,"Grant","Walter","60 Years","Lincoln","Lancaster","NE","Male","American Indian / Alaska Native",10/23/2025
"MP8289",10/15/1992,"Butler","Roley","36 Years","Tulsa","Tulsa","OK","Male","American Indian / Alaska Native",08/21/2026
"MP17172",09/30/1992,"Lyons","Chauncey","43 Years","Macy","Thurston","NE","Male","American Indian / Alaska Native",03/19/2024
"MP61328",09/29/1992,"Martin","Joe","19 Years","Council","Nome","AK","Male","American Indian / Alaska Native",01/20/2026
"MP66689",09/25/1992,"Evans","Anthony","26 Years","Prince of Wales","Prince of Wales – Hyder","AK","Male","American Indian / Alaska Native",05/19/2026
"MP68183",08/28/1992,"Sheldon","Harry","16 Years","Kotzebue","Northwest Arctic","AK","Male","American Indian / Alaska Native",05/19/2026
"MP7117",07/01/1992,"Gray","Peter","32 Years","Seattle","King","WA","Male","American Indian / Alaska Native",10/22/2024
"MP56719",06/16/1992,"Yellowfish","Terrence","23 Years","Lawton","Comanche","OK","Male","American Indian / Alaska Native",09/03/2026
"MP66502",05/09/1992,"Borenin","Mark","13 Years","Dillingham","Dillingham","AK","Male","American Indian / Alaska Native",05/19/2026
"MP66729",04/19/1992,"Squartsoff","Robin","21 Years","Kodiak","Kodiak Island","AK","Male","American Indian / Alaska Native",05/19/2026
"MP66583",04/19/1992,"Charliaga","Emanual","33 Years","Kodiak","Kodiak Island","AK","Male","American Indian / Alaska Native",05/19/2026
"MP66849",04/19/1992,"Balluta","Philip","22 Years","Kodiak","Kodiak Island","AK","Male","American Indian / Alaska Native",09/08/2025
"MP7070",03/21/1992,"Chamorro","Benito","15 Years","Seattle","King","WA","Male","American Indian / Alaska Native",03/19/2024
"MP66841",01/31/1992,"Kozeroff","Steven","38 Years","Juneau","Juneau","AK","Male","American Indian / Alaska Native",05/23/2025
"MP67201",12/16/1991,"Stalker, Jr","Johnson","30 Years","Kotzebue","Northwest Arctic","AK","Male","American Indian / Alaska Native",05/19/2026
"MP66555",12/08/1991,"Ahmaogak, Jr","Lawrence","29 Years","North Slope","North Slope","AK","Male","American Indian / Alaska Native",05/19/2026
"MP66633",12/08/1991,"Neakok","Robert","28 Years","North Slope","North Slope","AK","Male","American Indian / Alaska Native",05/19/2026
"MP66625",12/07/1991,"Blanket, Jr.","Roderick","22 Years","Bethel","Bethel","AK","Male","American Indian / Alaska Native",05/19/2026
"MP14701",11/14/1991,"Good Voice Elk","Terry","27 Years","Rapid City","Pennington","SD","Male","American Indian / Alaska Native",10/12/2023
"MP41472",10/18/1991,"Nakedhead","Dawn","16 Years","Ft Gibson","Muskogee","OK","Female","American Indian / Alaska Native",03/24/2025
"MP66721",10/18/1991,"Williams","Carrie","33 Years","Noorvik","Northwest Arctic","AK","Female","American Indian / Alaska Native",05/19/2026
"MP23687",10/07/1991,"Howard","Jody","28 Years","Wolf Point","Roosevelt","MT","Female","American Indian / Alaska Native",07/01/2025
"MP67080",10/01/1991,"Deck","Edward","28 Years","Aniak","Bethel","AK","Male","American Indian / Alaska Native",05/19/2026
"MP67193",09/28/1991,"Paul","Gary","26 Years","Dillingham","Dillingham","AK","Male","American Indian / Alaska Native",12/22/2025
"MP33197",07/31/1991,"White","Andrea","22 Years","Humboldt","Humboldt","CA","Female","American Indian / Alaska Native",02/03/2026
"MP156015",07/09/1991,"West","Michelle","23 Years","Tucson","Pima","AZ","Female","White / Caucasian, American Indian / Alaska Native",05/20/2026
"MP124251",07/01/1991,"Madera","Norma","27 Years","Yakima","Yakima","WA","Female","American Indian / Alaska Native",11/21/2024
"MP1003",04/14/1991,"Pooler","Edwin","45 Years","Keller","Okanogan","WA","Male","American Indian / Alaska Native",05/06/2025
"MP66880",02/17/1991,"Tootkaylok","Robert","36 Years","Nome","Nome","AK","Male","American Indian / Alaska Native",05/19/2026
"MP66865",02/10/1991,"Gross","Darrell","36 Years","Dillingham","Dillingham","AK","Male","American Indian / Alaska Native",09/17/2026
"MP73761",12/26/1990,"Ghost","Charla","19 Years","Oakland","Alameda","CA","Female","American Indian / Alaska Native",03/18/2024
"MP52528",11/18/1990,"Kunayak","Justina","45 Years","Nome","Nome","AK","Female","American Indian / Alaska Native",05/19/2026
"MP19384",10/16/1990,"Sims","Kelly","27 Years","Kelso","Cowlitz","WA","Female","American Indian / Alaska Native, White / Caucasian",03/19/2024
"MP50741",09/06/1990,"Owens","Eric","17 Years","Daingerfield","Morris","TX","Male","White / Caucasian, American Indian / Alaska Native",05/19/2021
"MP66671",08/04/1990,"Kayutak","Isaac","34 Years","North Slope","North Slope","AK","Male","American Indian / Alaska Native",05/19/2026
"MP67215",07/22/1990,"Demoski","Victor","29 Years","Dillingham","Dillingham","AK","Male","American Indian / Alaska Native",05/19/2026
"MP72235",06/25/1990,"Natsyn","Daniel","33 Years","San Carlos","Gila","AZ","Male","American Indian / Alaska Native",04/09/2026
"MP66618",06/02/1990,"Zaukar","Evan","45 Years","Aniak","Bethel","AK","Male","American Indian / Alaska Native",05/19/2026
"MP66742",06/01/1990,"Munson","Gerry","32 Years","Dillingham","Dillingham","AK","Male","American Indian / Alaska Native",12/22/2025
"MP67278",03/22/1990,"Dieterich","John","31 Years","Dutch Harbor","Aleutians West","AK","Male","American Indian / Alaska Native",05/19/2026
"MP66636",03/17/1990,"Akitalinok","Augustine","22 Years","Anchorage","Anchorage","AK","Male","American Indian / Alaska Native",08/26/2026
"MP56635",02/03/1990,"Begay","John","28 Years","Oklahoma City","Oklahoma","OK","Male","American Indian / Alaska Native",10/02/2026
"MP119663",12/24/1989,"Garcia","Judith","21 Years","Laguna","Cibola","NM","Female","American Indian / Alaska Native",02/20/2025
"MP66763",12/23/1989,"Young","Tina","17 Years","Grayling","Yukon–Koyukuk","AK","Female","American Indian / Alaska Native",05/19/2026
"MP66699",12/23/1989,"Kruger","Robert","19 Years","Grayling","Yukon–Koyukuk","AK","Male","American Indian / Alaska Native",05/19/2026
"MP66776",12/04/1989,"Tuzroyluke, Jr","Seymour","33 Years","Kotzebue","Northwest Arctic","AK","Male","American Indian / Alaska Native",05/23/2025
"MP67099",11/12/1989,"Dull, Jr","Arthur","33 Years","Bethel","Bethel","AK","Male","American Indian / Alaska Native",06/15/2026
"MP65729",09/01/1989,"Jealous of Him","Lori","13 Years","Porcupine","Oglala Lakota","SD","Female","American Indian / Alaska Native",10/12/2023
"MP62168",08/03/1989,"Hogue","Robert","29 Years","Aztec","San Juan","NM","Male","American Indian / Alaska Native",03/19/2024
"MP66698",06/20/1989,"Dundas","William","21 Years","Ketchikan","Ketchikan Gateway","AK","Male","American Indian / Alaska Native",05/19/2026
"MP68219",06/12/1989,"Kayutak","Arnold","57 Years","Wainwright","North Slope","AK","Male","American Indian / Alaska Native",05/19/2026
"MP61081",05/29/1989,"Yates","Louis","19 Years","Klawock","Prince of Wales – Hyder","AK","Male","American Indian / Alaska Native",05/19/2026
"MP66634",05/24/1989,"Acovak","Michael","25 Years","Dillingham","Dillingham","AK","Male","American Indian / Alaska Native",07/08/2026
"MP66612",05/07/1989,"Gregory Sr.","Ignatius","62 Years","Aniak","Bethel","AK","Male","American Indian / Alaska Native",05/19/2026
"MP66982",03/13/1989,"Gardiner","Emil","26 Years","Dillingham","Dillingham","AK","Male","American Indian / Alaska Native",05/19/2026
"MP67208",03/03/1989,"Frye","Dennis","26 Years","Kodiak","Kodiak Island","AK","Male","American Indian / Alaska Native",09/15/2026
"MP7913",02/08/1989,"Chavis","Phillip","21 Years","Red Spring","Robeson","NC","Male","American Indian / Alaska Native",03/05/2026
"MP60768",01/29/1989,"Kristovich","Richard","37 Years","Dillingham","Dillingham","AK","Male","American Indian / Alaska Native",12/02/2025
"MP150830",11/23/1988,"Wright","James","19 Years","Redding","Shasta","CA","Male","American Indian / Alaska Native",05/20/2026
"MP1002",11/18/1988,"Pooler","George","37 Years","Omak","Okanogan","WA","Male","American Indian / Alaska Native",02/23/2026
"MP6195",11/12/1988,"Hudson","Shantelle","16 Years","Mound House","Lyon","NV","Female","American Indian / Alaska Native",07/22/2026
"MP66575",10/14/1988,"Ross","Kenneth","20 Years","Fairbanks","Fairbanks North Star","AK","Male","American Indian / Alaska Native",06/30/2026
"MP24437",10/02/1988,"Williams","Michael","30 Years","Kotlik","Kusilvak","AK","Male","American Indian / Alaska Native",06/15/2026
"MP66604",09/16/1988,"Lisbourne Jr.","William","21 Years","Fairbanks","Fairbanks North Star","AK","Male","American Indian / Alaska Native",05/19/2026
"MP38480",07/28/1988,"Manzanares","Ernest","23 Years","Ocoee","Orange","FL","Male","White / Caucasian, Hispanic / Latino, American Indian / Alaska Native",02/13/2026
"MP12983",06/23/1988,"Sam","Wilson","47 Years","Duluth","St. Louis","MN","Male","American Indian / Alaska Native",01/09/2024
"MP94112",05/06/1988,"Thacker","Mary","34 Years","Reno Sparks Indian Colony","Washoe","NV","Female","American Indian / Alaska Native",09/03/2026
"MP55234",05/05/1988,"Williams Patterson","Kassaundra","33 Years","Haskell","Muskogee","OK","Female","Black / African American, American Indian / Alaska Native",09/08/2026
"MP9768",03/07/1988,"Finley","Tina","25 Years","Coeur d'Alene Indian Reservation","Benewah","ID","Female","American Indian / Alaska Native",01/29/2025
"MP66791",02/20/1988,"Trigg","Jerome","73 Years","Nome","Nome","AK","Male","American Indian / Alaska Native",05/23/2025
"MP66731",01/12/1988,"Naumoff","Eugene","34 Years","Kodiak","Kodiak Island","AK","Male","American Indian / Alaska Native",05/19/2026
"MP38482",01/04/1988,"Mack","Anthony","47 Years","Stroud","Lincoln","OK","Male","American Indian / Alaska Native",09/02/2026
"MP66664",12/18/1987,"Captain","Wayne","22 Years","Galena","Yukon–Koyukuk","AK","Male","American Indian / Alaska Native",05/19/2026
"MP33456",11/11/1987,"Simmons","James","31 Years","San Francisco","San Francisco","CA","Male","American Indian / Alaska Native",03/19/2024
"MP52233",11/07/1987,"Johnley Wallahee","Karen","28 Years","Yakama","Yakima","WA","Female","American Indian / Alaska Native",01/10/2025
"MP15225",11/01/1987,"Burnside","David","49 Years","Sacramento","Sacramento","CA","Male","American Indian / Alaska Native",03/19/2024
"MP66640",10/13/1987,"Smart","Fredrick","29 Years","Bethel","Bethel","AK","Male","American Indian / Alaska Native",05/19/2026
"MP66920",10/13/1987,"Oney","Daniel","20 Years","Bethel","Bethel","AK","Male","American Indian / Alaska Native",05/19/2026
"MP67188",10/13/1987,"Boliver","Marvin","24 Years","Bethel","Bethel","AK","Male","American Indian / Alaska Native",05/19/2026
"MP66558",10/13/1987,"Duny","Thomas","23 Years","Bethel","Bethel","AK","Male","American Indian / Alaska Native",05/19/2026
"MP66677",10/08/1987,"George","Robert","23 Years","Bethel","Bethel","AK","Male","American Indian / Alaska Native",05/19/2026
"MP30191",09/23/1987,"Saccheus","Ernest","24 Years","Nome","Nome","AK","Male","American Indian / Alaska Native",05/19/2026
"MP66530",09/21/1987,"Wasky","Theordore","24 Years","Bethel","Bethel","AK","Male","American Indian / Alaska Native",05/19/2026
"MP66217",09/16/1987,"Evans","Frank","21 Years","Quinhagak","Bethel","AK","Male","American Indian / Alaska Native",05/19/2026
"MP66681",09/13/1987,"Elia","David","75 Years","Fairbanks","Fairbanks North Star","AK","Male","American Indian / Alaska Native",05/19/2026
"MP66760",09/11/1987,"Wentz","Maureen","30 Years","Dillingham","Dillingham","AK","Female","American Indian / Alaska Native",05/19/2026
"MP6574",06/26/1987,"Rivera","Elaina","13 Years","Ramona","San Diego","CA","Female","American Indian / Alaska Native",05/14/2026
"MP67023",05/31/1987,"Wholecheese","Gregory","31 Years","Galena","Yukon–Koyukuk","AK","Male","American Indian / Alaska Native",10/04/2024
"MP5295",05/12/1987,"Bluebird","Roy","31 Years","Vanderwagen","McKinley","NM","Male","American Indian / Alaska Native",03/19/2024
"MP66525",04/21/1987,"Zacharof","Isaac","23 Years","Dutch Harbor","Aleutians West","AK","Male","American Indian / Alaska Native",09/08/2025
"MP66531",04/21/1987,"Kochergin, Jr","Anton","18 Years","Dutch Harbor","Aleutians West","AK","Male","American Indian / Alaska Native",05/19/2026
"MP23772",03/09/1987,"Buchanan","Amos","57 Years","Fort Worth","Tarrant","TX","Male","American Indian / Alaska Native",03/19/2024
"MP40149",12/30/1986,"Nelson","Danny","35 Years","Flagstaff","Coconino","AZ","Male","American Indian / Alaska Native",06/16/2026
"MP66573",12/01/1986,"Kopuk","Alexie","43 Years","Bethel","Bethel","AK","Male","American Indian / Alaska Native",05/19/2026
"MP55525",11/26/1986,"Sigo","Frederick","22 Years","Port Orchard","Kitsap","WA","Male","American Indian / Alaska Native",06/09/2026
"MP66556",10/29/1986,"Leonard Sr.","William","39 Years","Iliamna","Lake and Peninsula","AK","Male","American Indian / Alaska Native",05/19/2026
"MP66883",10/15/1986,"Nicolai","Carl","29 Years","Bethel","Bethel","AK","Male","American Indian / Alaska Native",05/19/2026
"MP27661",09/22/1986,"Vanderhoef","Sandra","42 Years","Fort Dodge","Webster","IA","Female","American Indian / Alaska Native",03/19/2024
"MP66769",09/10/1986,"Roland","Moses","51 Years","Bethel","Bethel","AK","Male","American Indian / Alaska Native",12/22/2025
"MP68186",08/10/1986,"Howarth","Rodney","39 Years","Kotzebue","Northwest Arctic","AK","Male","American Indian / Alaska Native",05/19/2026
"MP66565",07/30/1986,"Macar","Andrew","36 Years","Aniak","Bethel","AK","Male","American Indian / Alaska Native",05/19/2026
"MP66489",07/15/1986,"Winer","Christopher","10 Years","Fairbanks","Fairbanks North Star","AK","Male","American Indian / Alaska Native",05/19/2026
"MP66472",07/15/1986,"Ballantyne","Mary","2 Years","Fairbanks","Fairbanks North Star","AK","Female","American Indian / Alaska Native",05/19/2026
"MP66673",06/28/1986,"Smith","Daniel","36 Years","Bethel","Bethel","AK","Male","American Indian / Alaska Native",05/19/2026
"MP67202",06/26/1986,"Minano","Walter","76 Years","Nenana","Yukon–Koyukuk","AK","Male","American Indian / Alaska Native",05/19/2026
"MP64335",06/25/1986,"Osbakken","Kenneth","23 Years","Sitka","Sitka","AK","Male","American Indian / Alaska Native",05/19/2026
"MP14820",05/22/1986,"Johnson","Amy","24 Years","Livingston","Park","MT","Female","American Indian / Alaska Native",06/27/2025
"MP5841",04/25/1986,"Bender","Susan","15 Years","Modesto","Stanislaus","CA","Female","American Indian / Alaska Native",07/10/2024
"MP4401",04/06/1986,"Cayedito","Anthonette","9 Years","Gallup","McKinley","NM","Female","American Indian / Alaska Native",09/24/2025
"MP130937",01/01/1986,"Carpenter","George","49 Years","Pontotoc County","Pontotoc","OK","Male","American Indian / Alaska Native",08/26/2026
"MP67257",09/19/1985,"Nelson","Frank","27 Years","Bethel","Bethel","AK","Male","American Indian / Alaska Native",05/19/2026
"MP67250",09/02/1985,"Ambrose","Arthur","31 Years","Galena","Yukon–Koyukuk","AK","Male","American Indian / Alaska Native",05/19/2026
"MP66655",09/02/1985,"Beatus, Jr","Henry","26 Years","Galena","Yukon–Koyukuk","AK","Male","American Indian / Alaska Native",05/19/2026
"MP66280",08/23/1985,"Jimmy Jr","Allen","21 Years","Napakiak","Bethel","AK","Male","American Indian / Alaska Native",05/19/2026
"MP55520",08/20/1985,"Moran","Colleen","24 Years","Port Orchard","Kitsap","WA","Female","White / Caucasian, American Indian / Alaska Native",09/18/2026
"MP70812",08/15/1985,"Kadayso","Martha","28 Years","Anadarko","Caddo","OK","Female","American Indian / Alaska Native",08/02/2026
"MP66571",08/07/1985,"Stettinger","Julia","41 Years","Kodiak","Kodiak Island","AK","Female","American Indian / Alaska Native",05/19/2026
"MP66687",07/31/1985,"Prince","Max","29 Years","Dillingham","Dillingham","AK","Male","American Indian / Alaska Native",05/19/2026
"MP67189",06/28/1985,"Charlie","Wilfred","37 Years","Cantwell","Denali","AK","Male","American Indian / Alaska Native",05/19/2026
"MP66851",06/07/1985,"Lauth","Gerald","28 Years","Metlakatla","Prince of Wales – Hyder","AK","Male","American Indian / Alaska Native",05/19/2026
"MP67207",05/20/1985,"Cantu, Jr","Bonifacio","38 Years","Dillingham","Dillingham","AK","Male","American Indian / Alaska Native",05/19/2026
"MP53966",01/01/1985,"Domebo","Mary","37 Years","Fort Worth","Tarrant","TX","Female","American Indian / Alaska Native",10/06/2026
"MP56009",01/01/1985,"Etcitty","Herman","39 Years","Gallup","McKinley","NM","Male","American Indian / Alaska Native",06/16/2026
"MP25053",12/01/1984,"Davis","Lee","16 Years","Tulsa","Tulsa","OK","Male","American Indian / Alaska Native, White / Caucasian",08/22/2026
"MP67214",11/19/1984,"Charlie","Donald","41 Years","Bethel","Bethel","AK","Male","American Indian / Alaska Native",05/19/2026
"MP66700",10/18/1984,"Nelson","Leon","21 Years","Juneau","Juneau","AK","Male","American Indian / Alaska Native",05/19/2026
"MP66630",10/09/1984,"Alexie","Wassilie","38 Years","Bethel","Bethel","AK","Male","American Indian / Alaska Native",05/19/2026
"MP4382",09/18/1984,"Baldeagle","Sharon","12 Years","Eagle Butte","Dewey","SD","Female","American Indian / Alaska Native",10/12/2023
"MP66656",09/13/1984,"Breseman","Anna","57 Years","Yakutat","Yakutat","AK","Female","American Indian / Alaska Native",05/19/2026
"MP66296",09/09/1984,"Lomack","John","49 Years","Bethel","Bethel","AK","Male","American Indian / Alaska Native",05/19/2026
"MP53861",07/12/1984,"Mack","Arvin","28 Years","Canoe Bay","Aleutians East","AK","Male","American Indian / Alaska Native",05/19/2026
"MP67136",06/03/1984,"Korth","Colleen","2 Years","Fort Yukon","Yukon–Koyukuk","AK","Female","American Indian / Alaska Native",12/22/2025
"MP15045",06/02/1984,"Charles","Jerome","26 Years","Eugene","Lane","OR","Male","American Indian / Alaska Native",05/23/2025
"MP39695",05/31/1984,"Minnis","Eric","25 Years","Purcell","McClain","OK","Male","American Indian / Alaska Native",03/24/2025
"MP4684",05/25/1984,"Spencer III","Roland","3 Years","Toppenish","Yakima","WA","Male","American Indian / Alaska Native",03/21/2024
"MP7578",05/11/1984,"Kingston","Donna","18 Years","Tahlequah","Cherokee","OK","Female","American Indian / Alaska Native",10/28/2025
"MP99329",01/11/1984,"Randall","Barbara","19 Years","Rapid City","Pennington","SD","Female","American Indian / Alaska Native",10/12/2023
"MP17349",01/07/1984,"Fools","Daniel","20 Years","Manning","Clarendon","SC","Male","White / Caucasian, American Indian / Alaska Native",03/31/2026
"MP32839",01/01/1984,"Standing Bear","Aaron","18 Years","Denver","Denver","CO","Male","American Indian / Alaska Native",03/19/2024
"MP51138",01/01/1984,"George","Walter","57 Years","Fallon","Churchill","NV","Male","American Indian / Alaska Native",03/19/2024
"MP67191",12/29/1983,"Jackson","Carl","50 Years","Bethel","Bethel","AK","Male","American Indian / Alaska Native",05/23/2025
"MP99875",10/19/1983,"Brings Plenty","Doris","32 Years","Rapid City","Pennington","SD","Female","American Indian / Alaska Native",10/12/2023
"MP43136",08/02/1983,"Farmer","Lisa","18 Years","Lawton","Comanche","OK","Female","White / Caucasian, American Indian / Alaska Native",09/02/2025
"MP14749",05/27/1983,"Thompson","Timothy","39 Years","DeSoto","Crawford","WI","Male","American Indian / Alaska Native",12/10/2025
"MP14016",05/03/1983,"Jackson","Linda","19 Years","Seattle","King","WA","Female","American Indian / Alaska Native",02/17/2026
"MP93441",03/12/1983,"McGlashan","Justina","22 Years","Dutch Harbor","Aleutians West","AK","Female","American Indian / Alaska Native",12/22/2025
"MP66672",09/08/1982,"Pitka","Wayne","20 Years","Fairbanks","Fairbanks North Star","AK","Male","American Indian / Alaska Native",05/19/2026
"MP23244",09/01/1982,"George, Jr.","Webster","33 Years","Blackfoot","Bingham","ID","Male","American Indian / Alaska Native",01/21/2026
"MP14297",08/15/1982,"Stewart","Reba","46 Years","Federal Way","King","WA","Female","American Indian / Alaska Native",02/17/2026
"MP51374",07/18/1982,"Hanson","Lawrence","20 Years","Juneau","Juneau","AK","Male","American Indian / Alaska Native",05/19/2026
"MP841",07/14/1982,"McDonald","George","34 Years","Omak","Okanogan","WA","Male","American Indian / Alaska Native",05/06/2025
"MP162878",06/01/1982,"Stoneman","Zetta","19 Years","Mission","Todd","SD","Female","American Indian / Alaska Native",10/06/2026
"MP53756",01/01/1982,"Wells","Michelle","13 Years","Detroit","Wayne","MI","Female","American Indian / Alaska Native, White / Caucasian",03/19/2024
"MP61777",10/01/1981,"Omelak","Richard","18 Years","Fairbanks","Fairbanks North Star","AK","Male","American Indian / Alaska Native",05/19/2026
"MP55649",09/28/1981,"Medicinehorse","Diane","26 Years","Crow Agency","Big Horn","MT","Female","American Indian / Alaska Native",03/26/2024
"MP85046",04/10/1981,"Watchempino","Richard","23 Years","Miami","Miami-Dade","FL","Male","White / Caucasian, American Indian / Alaska Native",09/26/2025
"MP66574",12/01/1980,"Maud","Billy","24 Years","Dillingham","Dillingham","AK","Male","American Indian / Alaska Native",09/08/2025
"MP66759",11/12/1980,"Challiak","John","44 Years","Kodiak","Kodiak Island","AK","Male","American Indian / Alaska Native",05/19/2026
"MP95010",11/01/1980,"Ninham","Lisa","17 Years","Keshena","Menominee","WI","Female","American Indian / Alaska Native",03/19/2024
"MP66496",09/02/1980,"Ignatin","Daniel","15 Years","Kodiak","Kodiak Island","AK","Male","American Indian / Alaska Native",08/01/2024
"MP66495",09/02/1980,"Ignatin","Peter","13 Years","Kodiak","Kodiak Island","AK","Male","American Indian / Alaska Native",08/01/2024
"MP66680",08/23/1980,"Uisok","Robert","36 Years","Bethel","Bethel","AK","Male","American Indian / Alaska Native",05/19/2026
"MP103114",08/01/1980,"Little Bear","Franklin","18 Years","Mobridge","Walworth","SD","Male","American Indian / Alaska Native",06/08/2023
"MP17535",05/14/1980,"Evan","Karen","18 Years","Anchorage","Anchorage","AK","Female","American Indian / Alaska Native",05/19/2026
"MP40398",02/01/1980,"Smith","Eddie","30 Years","Phoenix","Maricopa","AZ","Male","American Indian / Alaska Native",04/03/2025
"MP5860",11/21/1979,"Blee","Marie","15 Years","Craig","Routt","CO","Female","White / Caucasian, American Indian / Alaska Native",03/30/2026
"MP59260",09/10/1979,"Darien, Sr.","Eli","42 Years","Cook Inlet","Kenai Peninsula","AK","Male","American Indian / Alaska Native",05/19/2026
"MP7001",08/30/1979,"Sanchez","Carlota","12 Years","Taholah","Grays Harbor","WA","Female","American Indian / Alaska Native, Hispanic / Latino",03/19/2024
"MP7002",08/30/1979,"Luscier","Elsie","13 Years","Taholah","Grays Harbor","WA","Female","American Indian / Alaska Native",03/19/2024
"MP85240",08/01/1979,"Houle","Francis","46 Years","Colorado Springs","El Paso","CO","Male","American Indian / Alaska Native",01/02/2026
"MP41992",08/01/1979,"Jessup","Noah","51 Years","Fairbanks","Fairbanks North Star","AK","Male","American Indian / Alaska Native",05/19/2026
"MP18215",06/28/1979,"Otis","Debra","18 Years","Anacortes","Skagit","WA","Female","American Indian / Alaska Native",01/28/2026
"MP71693",06/24/1979,"Jeff","Angela","20 Years","Oakland","Alameda","CA","Female","American Indian / Alaska Native",10/23/2025
"MP24199",05/09/1979,"Clark","Raymond","23 Years","Galena","Yukon–Koyukuk","AK","Male","American Indian / Alaska Native",05/23/2025
"MP40366",01/01/1979,"Nelson","Herbert","26 Years","Dixon","Solano","CA","Male","American Indian / Alaska Native",03/19/2024
"MP41443",12/16/1978,"Ayagalria","Roy","19 Years","Bethel","Bethel","AK","Male","American Indian / Alaska Native",05/19/2026
"MP67157",09/17/1978,"Katelnikoff","Nekita","19 Years","Dillingham","Dillingham","AK","Male","American Indian / Alaska Native",05/19/2026
"MP89053",07/24/1978,"Rose","Riley","41 Years","Sallisaw","Sequoyah","OK","Male","American Indian / Alaska Native, Uncertain",05/27/2026
"MP61366",05/26/1978,"Lott","Levi","31 Years","Tuluksak","Bethel","AK","Male","American Indian / Alaska Native",05/19/2026
"MP66676",05/06/1978,"Burgess Jr.","Victor","23 Years","Prince of Wales","Prince of Wales – Hyder","AK","Male","American Indian / Alaska Native",05/19/2026
"MP66955",05/06/1978,"Edenshaw, Jr.","Verne","20 Years","Prince of Wales","Prince of Wales – Hyder","AK","Male","American Indian / Alaska Native",05/19/2026
"MP67265",05/06/1978,"Hamilton, Jr","William","18 Years","Prince of Wales","Prince of Wales – Hyder","AK","Male","American Indian / Alaska Native",05/19/2026
"MP61369",11/23/1977,"Franklin","Michael","37 Years","Anchorage","Anchorage","AK","Male","American Indian / Alaska Native",05/19/2026
"MP40665",11/21/1977,"Bernhardt","Antionette","18 Years","Kivalina","Northwest Arctic","AK","Female","American Indian / Alaska Native",05/19/2026
"MP11161",09/23/1977,"Sharclane","Eli","19 Years","Juneau","Juneau","AK","Male","American Indian / Alaska Native",05/19/2026
"MP11012",09/11/1977,"Sylvestre","Mary","37 Years","Palmer","Matanuska-Susitna","AK","Female","American Indian / Alaska Native",07/24/2025
"MP108383",06/14/1977,"Hebert","Michael","14 Years","Tanana","Yukon–Koyukuk","AK","Male","American Indian / Alaska Native",05/19/2026
"MP20954",03/11/1977,"Meiser","Michelle","22 Years","St. Paul","Ramsey","MN","Female","American Indian / Alaska Native",04/02/2025
"MP61370",02/06/1977,"Goodlataw","Alvin","38 Years","Glennallen","Copper River","AK","Male","American Indian / Alaska Native",05/19/2026
"MP149156",02/04/1977,"Moses","Kim","20 Years","Bristow","Creek","OK","Male","American Indian / Alaska Native",01/26/2026
"MP29060",12/26/1976,"Meganack","Patrick","23 Years","Port Graham","Kenai Peninsula","AK","Male","American Indian / Alaska Native",05/19/2026
"MP40010",11/17/1976,"Larrabee","Donna","16 Years","Rapid City","Pennington","SD","Female","American Indian / Alaska Native",10/12/2023
"MP66566",10/01/1976,"McKindy","Ephrem","35 Years","Aniak","Bethel","AK","Male","American Indian / Alaska Native",08/27/2026
"MP6579",06/08/1976,"Roach","Sherry","17 Years","San Mateo","San Mateo","CA","Female","White / Caucasian, American Indian / Alaska Native",03/19/2024
"MP62271",06/01/1976,"Shatswell","Arile","36 Years","Oklahoma City","Oklahoma","OK","Male","White / Caucasian, American Indian / Alaska Native",10/23/2025
"MP2927",11/01/1975,"Berry","Phyllis","21 Years","Terlingua","Brewster","TX","Female","American Indian / Alaska Native",05/20/2024
"MP29056",10/02/1975,"Jacomet","Ida","37 Years","Fairbanks","Fairbanks North Star","AK","Female","American Indian / Alaska Native",05/19/2026
"MP29053",09/08/1975,"Olick, Jr.","Albert","31 Years","Bethel","Bethel","AK","Male","American Indian / Alaska Native",05/19/2026
"MP68215",09/08/1975,"Maxie","Moses","34 Years","Bethel","Bethel","AK","Male","American Indian / Alaska Native",05/19/2026
"MP154939",08/24/1975,"Milne","Andrea","27 Years","Ketchikan","Ketchikan Gateway","AK","Female","American Indian / Alaska Native",10/06/2026
"MP42412",02/20/1975,"Sits Poor","Delma","13 Years","Pine Ridge","Oglala Lakota","SD","Female","American Indian / Alaska Native",10/12/2023
"MP14228",01/01/1975,"Lhotka","Lorelee","19 Years","Seattle","King","WA","Female","Uncertain, American Indian / Alaska Native",07/10/2026
"MP80933",01/01/1975,"Redbird","Sonia","19 Years","Dallas","Dallas","TX","Female","American Indian / Alaska Native",05/14/2025
"MP30217",12/10/1974,"Inga, Sr.","Alex","51 Years","Kodiak","Kodiak Island","AK","Male","American Indian / Alaska Native",05/19/2026
"MP29049",12/10/1974,"Inga, Jr.","Alex","18 Years","Kodiak","Kodiak Island","AK","Male","American Indian / Alaska Native",05/19/2026
"MP30254",10/04/1974,"Honson","Christine","32 Years","Grand Rapids","Kent","MI","Female","American Indian / Alaska Native",03/19/2024
"MP6306",09/06/1974,"Locklear","Gary","15 Years","North Charleston","Charleston","SC","Male","American Indian / Alaska Native",03/19/2024
"MP102522",01/01/1974,"Gorman","James","40 Years","Phoenix","Maricopa","AZ","Male","American Indian / Alaska Native",02/07/2024
"MP116311",01/01/1974,"Gorman","Arthur","42 Years","Inglewood","Los Angeles","CA","Male","American Indian / Alaska Native",02/13/2024
"MP14223",11/01/1973,"Davis","Teresa","18 Years","Tacoma","Pierce","WA","Female","American Indian / Alaska Native",09/29/2026
"MP11802",07/01/1973,"Miller","Linda","18 Years","San Rafael","Marin","CA","Female","American Indian / Alaska Native",03/19/2024
"MP115773",01/01/1973,"Wheeler","Jewel","30 Years","Pine Ridge","Oglala Lakota","SD","Male","White / Caucasian, American Indian / Alaska Native, Hispanic / Latino",10/28/2024
"MP28987",11/14/1972,"Chulin","Ephin","60 Years","Kenai","Kenai Peninsula","AK","Male","American Indian / Alaska Native",05/19/2026
"MP57402",05/01/1972,"Benally","Paul","32 Years","Winslow","Navajo","AZ","Male","American Indian / Alaska Native",06/16/2026
"MP40370",04/01/1972,"Yazzie, Jr.","Lee","23 Years","Cameron","Coconino","AZ","Male","American Indian / Alaska Native",06/16/2026
"MP150829",01/01/1972,"Masten","Pamela","15 Years","Sacramento","Sacramento","CA","Female","American Indian / Alaska Native, Black / African American",09/17/2026
"MP40651",04/24/1971,"Gould","John","21 Years","Sand Point","Aleutians East","AK","Male","American Indian / Alaska Native",12/22/2025
"MP30849",03/01/1971,"Hannigan","Janice","15 Years","Wapato","Yakima","WA","Female","American Indian / Alaska Native",03/19/2024
"MP40385",01/01/1971,"Sanchez","Ann","35 Years","Casa Grande","Pinal","AZ","Female","American Indian / Alaska Native",03/25/2024
"MP29022",10/19/1969,"Olanna","Archie","40 Years","Brevig Mission","Nome","AK","Male","American Indian / Alaska Native",05/19/2026
"MP29023",10/19/1969,"Olanna","Fanny","35 Years","Brevig Mission","Nome","AK","Female","American Indian / Alaska Native",05/19/2026
"MP101741",04/12/1969,"Davis","Jacqueline","13 Years","Cherokee","Swain","NC","Female","American Indian / Alaska Native",01/25/2024
"MP29024",10/11/1965,"Pungowiyi","Dennis","32 Years","Saint Lawrence Island","Nome","AK","Male","American Indian / Alaska Native",05/19/2026
"MP104767",06/28/1963,"SpottedBird","Patsy","34 Years","Hobart","Kiowa","OK","Female","American Indian / Alaska Native",07/31/2026
"MP161753",01/24/1963,"Gilbert","Thomas","31 Years","King Cove","Aleutians East","AK","Male","American Indian / Alaska Native",08/14/2026
"MP91379",11/06/1961,"Pratt","Vern","22 Years","Anchorage","Anchorage","AK","Male","American Indian / Alaska Native",08/18/2026
"MP42364",06/01/1961,"Esenituk","Tuck","30 Years","Brevig Mission","Nome","AK","Male","American Indian / Alaska Native",05/19/2026
"MP42620",09/25/1960,"Pitka","Harry","39 Years","Nulato","Yukon–Koyukuk","AK","Male","American Indian / Alaska Native",05/19/2026
"MP42623",09/25/1960,"Demoski, Jr.","Leo","48 Years","Nulato","Yukon–Koyukuk","AK","Male","American Indian / Alaska Native",05/19/2026
"MP29026",09/25/1960,"Nollner","Emmett","28 Years","Nulato","Yukon–Koyukuk","AK","Male","American Indian / Alaska Native",05/19/2026
"MP42621",09/25/1960,"Demoski","Bertha","38 Years","Nulato","Yukon–Koyukuk","AK","Female","American Indian / Alaska Native",05/19/2026
"MP42622",09/25/1960,"Demoski","Claude","45 Years","Nulato","Yukon–Koyukuk","AK","Male","American Indian / Alaska Native",05/19/2026
"MP33503",12/14/1956,"Downing","Walcie","32 Years","Gallup","McKinley","NM","Female","American Indian / Alaska Native",03/19/2024
"MP34305",11/01/1956,"Lee","Ida","25 Years","Grand Canyon National Park","Coconino","AZ","Female","American Indian / Alaska Native",03/18/2024
"MP39937",08/01/1956,"Begay","Mary","19 Years","Grand Canyon National Park","Coconino","AZ","Female","American Indian / Alaska Native",11/21/2024
"MP50533",10/20/1954,"Hudgins","Mary","23 Years","Santa Cruz","Santa Cruz","CA","Female","White / Caucasian, American Indian / Alaska Native",05/26/2026
